Name of the anime,Rating,Ranking,Followers,Type,Episodes,License,Study,Genre,Demographics,Age
Death Note,8.63,1,"3,150,451",TV,37,VIZ Media,Madhouse,"Mystery,Supernatural,Suspense",Shounen,R - 17+ (violence & profanity)
Shingeki no Kyojin,8.52,2,"3,136,959",TV,25,Funimation,Wit Studio,"Action,Drama,Fantasy,Mystery",Shounen,R - 17+ (violence & profanity)
Fullmetal Alchemist: Brotherhood,9.16,3,"2,674,846",TV,64,"Funimation,Aniplex of America",Bones,"Action,Adventure,Comedy,Drama,Fantasy",Shounen,R - 17+ (violence & profanity)
Sword Art Online,7.21,4,"2,583,874",TV,25,Aniplex of America,A-1 Pictures,"Action,Adventure,Fantasy,Romance",NULL,PG-13 - Teens 13 or older
One Punch Man,8.52,5,"2,577,610",TV,12,VIZ Media,Madhouse,"Action,Comedy,Sci-Fi,Supernatural",NULL,R - 17+ (violence & profanity)
Boku no Hero Academia,7.99,6,"2,420,486",TV,13,Funimation,Bones,"Action,Comedy",Shounen,PG-13 - Teens 13 or older
Tokyo Ghoul,7.8,7,"2,311,281",TV,12,Funimation,Studio Pierrot,"Action,Drama,Horror,Mystery,Supernatural",Seinen,R - 17+ (violence & profanity)
Naruto,7.95,8,"2,288,738",TV,220,VIZ Media,Studio Pierrot,"Action,Adventure,Comedy",Shounen,PG-13 - Teens 13 or older
Kimi no Na wa.,8.89,9,"2,160,503",Movie,1,"Funimation,NYAV Post",CoMix Wave Films,"Drama,Romance,Supernatural",NULL,PG-13 - Teens 13 or older
Hunter x Hunter (2011),9.06,10,"2,149,088",TV,148,VIZ Media,Madhouse,"Action,Adventure,Fantasy",Shounen,PG-13 - Teens 13 or older
Steins Gate,9.09,11,"2,090,281",TV,24,Funimation,White Fox,"Drama,Sci-Fi,Suspense",NULL,PG-13 - Teens 13 or older
Kimetsu no Yaiba,8.57,12,"2,101,403",TV,26,Aniplex of America,ufotable,"Action,Supernatural",Shounen,R - 17+ (violence & profanity)
Shingeki no Kyojin Season 2,8.49,13,"2,081,210",TV,12,Funimation,Wit Studio,"Action,Drama,Fantasy,Mystery",Shounen,R - 17+ (violence & profanity)
No Game No Life,8.13,14,"2,024,927",TV,12,Sentai Filmworks,Madhouse,"Adventure,Comedy,Fantasy,Supernatural,Ecchi",NULL,PG-13 - Teens 13 or older
Boku no Hero Academia 2nd Season,8.21,15,"2,033,496",TV,25,Funimation,Bones,"Action,Comedy",Shounen,PG-13 - Teens 13 or older
Naruto: Shippuuden,8.22,16,"1,925,747",TV,500,VIZ Media,Studio Pierrot,"Action,Adventure,Comedy",Shounen,PG-13 - Teens 13 or older
Code Geass: Hangyaku no Lelouch,8.71,17,"1,855,397",TV,25,"Funimation,Bandai Entertainment",Sunrise,"Action,Drama,Sci-Fi",NULL,R - 17+ (violence & profanity)
Toradora!,8.14,18,"1,846,438",TV,25,"NIS America,Inc.",J.C.Staff,"Comedy,Romance,Slice of Life",NULL,PG-13 - Teens 13 or older
Noragami,7.98,19,"1,806,877",TV,12,Funimation,Bones,"Action,Adventure,Comedy,Supernatural",Shounen,PG-13 - Teens 13 or older
Angel Beats!,8.1,20,"1,802,143",TV,13,"Sentai Filmworks,Aniplex of America",P.A. Works,"Action,Comedy,Drama,Supernatural",NULL,PG-13 - Teens 13 or older
Re:Zero kara Hajimeru Isekai Seikatsu,8.26,21,"1,786,558",TV,25,Funimation,White Fox,"Drama,Fantasy,Suspense",NULL,R - 17+ (violence & profanity)
Shigatsu wa Kimi no Uso,8.69,22,"1,781,022",TV,22,Aniplex of America,A-1 Pictures,"Drama,Romance",Shounen,PG-13 - Teens 13 or older
Koe no Katachi,8.97,23,"1,778,422",Movie,1,"Eleven Arts,NYAV Post",Kyoto Animation,NULL,Shounen,PG-13 - Teens 13 or older
Mirai Nikki (TV),7.48,24,"1,735,201",TV,26,Funimation,asread.,"Action,Mystery,Supernatural,Suspense",Shounen,R+ - Mild Nudity
Boku no Hero Academia 3rd Season,8.14,25,"1,734,169",TV,25,Funimation,Bones,"Action,Comedy",Shounen,PG-13 - Teens 13 or older
Shingeki no Kyojin Season 3,8.62,26,"1,723,501",TV,12,Funimation,Wit Studio,"Action,Drama,Fantasy,Mystery",Shounen,R - 17+ (violence & profanity)
Akame ga Kill!,7.48,27,"1,703,885",TV,24,Sentai Filmworks,White Fox,"Action,Adventure,Drama,Fantasy",Shounen,R - 17+ (violence & profanity)
One Piece,8.6,28,"1,691,468",TV,Unknown,"Funimation,4Kids Entertainment",Toei Animation,"Action,Adventure,Comedy,Drama,Fantasy",Shounen,PG-13 - Teens 13 or older
Nanatsu no Taizai,7.76,29,"1,704,679",TV,24,Funimation,A-1 Pictures,"Action,Adventure,Fantasy,Supernatural",Shounen,PG-13 - Teens 13 or older
Boku dake ga Inai Machi,8.33,30,"1,683,370",TV,12,Aniplex of America,A-1 Pictures,"Mystery,Supernatural",Seinen,R - 17+ (violence & profanity)
Sword Art Online II,6.72,31,"1,664,345",TV,24,Aniplex of America,A-1 Pictures,"Action,Adventure,Fantasy,Romance",NULL,PG-13 - Teens 13 or older
Ao no Exorcist,7.54,32,"1,633,243",TV,25,Aniplex of America,A-1 Pictures,"Action,Fantasy,Supernatural",Shounen,PG-13 - Teens 13 or older
Shingeki no Kyojin Season 3 Part 2,9.09,33,"1,595,087",TV,10,Funimation,Wit Studio,"Action,Drama,Fantasy,Mystery",Shounen,R - 17+ (violence & profanity)
Ansatsu Kyoushitsu,8.11,34,"1,583,354",TV,22,Funimation,Lerche,"Action,Comedy",Shounen,PG-13 - Teens 13 or older
Kono Subarashii Sekai ni Shukufuku wo!,8.14,35,"1,566,674",TV,10,"Discotek Media,Crunchyroll",Studio Deen,"Adventure,Comedy,Fantasy,Supernatural",NULL,PG-13 - Teens 13 or older
Mob Psycho 100,8.48,36,"1,569,688",TV,12,"Funimation,Crunchyroll",Bones,"Action,Comedy,Slice of Life,Supernatural",NULL,PG-13 - Teens 13 or older
Haikyuu!!,8.47,37,"1,541,858",TV,25,Sentai Filmworks,Production I.G,"Comedy,Drama,Sports",Shounen,PG-13 - Teens 13 or older
Bleach,7.82,38,"1,510,822",TV,366,VIZ Media,Studio Pierrot,"Action,Adventure,Comedy,Supernatural",Shounen,PG-13 - Teens 13 or older
Yakusoku no Neverland,8.58,39,"1,522,722",TV,12,Aniplex of America,CloverWorks,"Horror,Mystery,Sci-Fi,Suspense",Shounen,R - 17+ (violence & profanity)
Jujutsu Kaisen (TV),8.73,40,"1,530,928",TV,24,None found,MAPPA,"Action,Supernatural",Shounen,R - 17+ (violence & profanity)
Fairy Tail,7.6,41,"1,503,316",TV,175,Funimation,"Satelight,       A-1 Pictures","Action,Adventure,Comedy,Fantasy",Shounen,PG-13 - Teens 13 or older
Kiseijuu: Sei no Kakuritsu,8.36,42,"1,506,402",TV,24,Sentai Filmworks,Madhouse,"Action,Drama,Horror,Sci-Fi",Seinen,R - 17+ (violence & profanity)
Sen to Chihiro no Kamikakushi,8.79,43,"1,490,042",Movie,1,"Walt Disney Studios,GKIDS",Studio Ghibli,"Adventure,Drama,Supernatural",NULL,PG - Children
Cowboy Bebop,8.77,44,"1,481,233",TV,26,"Funimation,Bandai Entertainment",Sunrise,"Action,Adventure,Comedy,Drama,Sci-Fi",NULL,R - 17+ (violence & profanity)
Tokyo Ghoul √A,7.04,45,"1,482,402",TV,12,Funimation,Studio Pierrot,"Action,Drama,Horror,Mystery,Supernatural",Seinen,R - 17+ (violence & profanity)
Code Geass: Hangyaku no Lelouch R2,8.91,46,"1,467,769",TV,25,"Funimation,Bandai Entertainment",Sunrise,"Action,Drama,Sci-Fi",NULL,R - 17+ (violence & profanity)
Kill la Kill,8.06,47,"1,460,362",TV,24,Aniplex of America,Trigger,"Action,Comedy,Ecchi",NULL,PG-13 - Teens 13 or older
Death Parade,8.18,48,"1,443,143",TV,12,Funimation,Madhouse,"Drama,Mystery,Suspense",NULL,R - 17+ (violence & profanity)
Neon Genesis Evangelion,8.33,49,"1,415,869",TV,26,"ADV Films,GKIDS,Netflix","Gainax,       Tatsunoko Production","Action,Avant Garde,Drama,Sci-Fi",NULL,PG-13 - Teens 13 or older
Another,7.51,50,"1,407,479",TV,12,Sentai Filmworks,P.A. Works,"Horror,Mystery,Supernatural,Suspense",NULL,R - 17+ (violence & profanity)
Soul Eater,7.85,51,"1,383,406",TV,51,Funimation,Bones,"Action,Comedy,Fantasy,Supernatural",Shounen,PG-13 - Teens 13 or older
Psycho-Pass,8.36,52,"1,381,463",TV,22,Funimation,Production I.G,"Action,Sci-Fi,Suspense",NULL,R - 17+ (violence & profanity)
Shokugeki no Souma,8.21,53,"1,382,444",TV,24,Sentai Filmworks,J.C.Staff,"Gourmet,Ecchi",Shounen,PG-13 - Teens 13 or older
Tengen Toppa Gurren Lagann,8.64,54,"1,366,340",TV,27,"ADV Films,Bandai Entertainment,Aniplex of America",Gainax,"Action,Adventure,Comedy,Sci-Fi",NULL,PG-13 - Teens 13 or older
Ano Hi Mita Hana no Namae wo Bokutachi wa Mada Shiranai.,8.36,55,"1,369,443",TV,11,"NIS America,Inc.,Aniplex of America",A-1 Pictures,"Drama,Slice of Life,Supernatural",NULL,PG-13 - Teens 13 or older
Violet Evergarden,8.66,56,"1,356,396",TV,13,Funimation,Kyoto Animation,"Drama,Fantasy,Slice of Life",NULL,PG-13 - Teens 13 or older
Shingeki no Kyojin: The Final Season,8.91,57,"1,344,757",TV,16,Funimation,MAPPA,"Action,Drama,Fantasy,Mystery",Shounen,R - 17+ (violence & profanity)
Elfen Lied,7.52,58,"1,315,939",TV,13,ADV Films,Arms,"Action,Drama,Horror,Romance,Supernatural",Seinen,R+ - Mild Nudity
Boku no Hero Academia 4th Season,7.99,59,"1,307,801",TV,25,Funimation,Bones,"Action,Comedy",Shounen,PG-13 - Teens 13 or older
Fullmetal Alchemist,8.13,60,"1,291,758",TV,51,"Funimation,Aniplex of America",Bones,"Action,Adventure,Comedy,Drama,Fantasy",Shounen,R - 17+ (violence & profanity)
Charlotte,7.75,61,"1,297,916",TV,13,Aniplex of America,P.A. Works,NULL,NULL,PG-13 - Teens 13 or older
Seishun Buta Yarou wa Bunny Girl Senpai no Yume wo Minai,8.31,62,"1,296,537",TV,13,Aniplex of America,CloverWorks,"Comedy,Drama,Romance,Supernatural",NULL,PG-13 - Teens 13 or older
Dr. Stone,8.31,63,"1,292,342",TV,24,"Funimation,Crunchyroll",TMS Entertainment,"Adventure,Comedy,Sci-Fi",Shounen,PG-13 - Teens 13 or older
Darling in the FranXX,7.27,64,"1,288,560",TV,24,Funimation,"A-1 Pictures,       Trigger,       CloverWorks","Action,Drama,Romance,Sci-Fi",NULL,PG-13 - Teens 13 or older
Highschool of the Dead,7.1,65,"1,272,748",TV,12,Sentai Filmworks,Madhouse,"Action,Horror,Supernatural,Ecchi",Shounen,R+ - Mild Nudity
Fate/Zero,8.31,66,"1,270,068",TV,13,Aniplex of America,ufotable,"Action,Fantasy,Supernatural",NULL,R - 17+ (violence & profanity)
One Punch Man 2nd Season,7.43,67,"1,271,495",TV,12,VIZ Media,J.C.Staff,"Action,Comedy,Sci-Fi,Supernatural",NULL,R - 17+ (violence & profanity)
Hataraku Maou-sama!,7.79,68,"1,263,664",TV,13,Funimation,White Fox,"Comedy,Fantasy,Romance,Supernatural",NULL,PG-13 - Teens 13 or older
Dungeon ni Deai wo Motomeru no wa Machigatteiru Darou ka,7.58,69,"1,259,451",TV,13,Sentai Filmworks,J.C.Staff,"Action,Adventure,Comedy,Fantasy,Romance",NULL,PG-13 - Teens 13 or older
JoJo no Kimyou na Bouken (TV),7.95,70,"1,254,570",TV,26,"VIZ Media,Warner Bros. Pictures",David Production,"Action,Adventure,Supernatural",Shounen,R - 17+ (violence & profanity)
Kaguya-sama wa Kokurasetai: Tensai-tachi no Renai Zunousen,8.4,71,"1,247,603",TV,12,Aniplex of America,A-1 Pictures,"Comedy,Romance",Seinen,PG-13 - Teens 13 or older
Clannad,8.03,72,"1,233,641",TV,23,Sentai Filmworks,Kyoto Animation,"Comedy,Drama,Romance,Slice of Life,Supernatural",NULL,PG-13 - Teens 13 or older
Durarara!!,8.14,73,"1,232,886",TV,24,Aniplex of America,Brain's Base,"Action,Mystery,Supernatural",NULL,R - 17+ (violence & profanity)
Overlord,7.93,74,"1,238,775",TV,13,Funimation,Madhouse,"Action,Adventure,Fantasy,Supernatural",NULL,R - 17+ (violence & profanity)
Noragami Aragoto,8.18,75,"1,224,166",TV,13,Funimation,Bones,"Action,Adventure,Comedy,Supernatural",Shounen,PG-13 - Teens 13 or older
Bakemonogatari,8.35,76,"1,212,038",TV,15,Aniplex of America,Shaft,"Mystery,Romance,Supernatural",NULL,R - 17+ (violence & profanity)
Kono Subarashii Sekai ni Shukufuku wo! 2,8.29,77,"1,210,240",TV,10,Discotek Media,Studio Deen,"Adventure,Comedy,Fantasy,Supernatural",NULL,PG-13 - Teens 13 or older
High School DxD,7.36,78,"1,182,548",TV,12,Funimation,TNK,"Comedy,Romance,Ecchi",NULL,R+ - Mild Nudity
Black Clover,8.06,79,"1,182,848",TV,170,"Funimation,Crunchyroll",Studio Pierrot,"Action,Comedy,Fantasy",Shounen,PG-13 - Teens 13 or older
Tate no Yuusha no Nariagari,8.02,80,"1,176,976",TV,25,Funimation,Kinema Citrus,"Action,Adventure,Drama,Fantasy",NULL,PG-13 - Teens 13 or older
Yahari Ore no Seishun Love Comedy wa Machigatteiru.,8.03,81,"1,167,526",TV,13,Sentai Filmworks,Brain's Base,"Comedy,Drama,Romance,Slice of Life",NULL,PG-13 - Teens 13 or older
Chuunibyou demo Koi ga Shitai!,7.74,82,"1,135,972",TV,12,Sentai Filmworks,Kyoto Animation,"Comedy,Drama,Romance,Slice of Life",NULL,PG-13 - Teens 13 or older
Kakegurui,7.29,83,"1,140,056",TV,12,Sentai Filmworks,MAPPA,"Drama,Mystery",Shounen,R - 17+ (violence & profanity)
Hyouka,8.11,84,"1,126,620",TV,22,Funimation,Kyoto Animation,"Mystery,Slice of Life",NULL,PG-13 - Teens 13 or older
Haikyuu!! Second Season,8.67,85,"1,130,749",TV,25,Sentai Filmworks,Production I.G,"Comedy,Drama,Sports",Shounen,PG-13 - Teens 13 or older
Ansatsu Kyoushitsu 2nd Season,8.52,86,"1,125,460",TV,25,Funimation,Lerche,"Action,Comedy",Shounen,PG-13 - Teens 13 or older
Mob Psycho 100 II,8.82,87,"1,100,193",TV,13,Funimation,Bones,"Action,Comedy,Slice of Life,Supernatural",NULL,PG-13 - Teens 13 or older
Mahou Shoujo Madoka★Magica,8.36,88,"1,085,864",TV,12,Aniplex of America,Shaft,"Drama,Suspense",NULL,PG-13 - Teens 13 or older
Deadman Wonderland,7.18,89,"1,066,540",TV,12,Funimation,Manglobe,"Action,Horror,Sci-Fi,Supernatural",Shounen,R - 17+ (violence & profanity)
Owari no Seraph,7.49,90,"1,074,280",TV,12,Funimation,Wit Studio,"Action,Drama,Supernatural",Shounen,R - 17+ (violence & profanity)
Sakura-sou no Pet na Kanojo,8.14,91,"1,065,960",TV,24,Sentai Filmworks,J.C.Staff,"Comedy,Drama,Romance,Slice of Life",NULL,PG-13 - Teens 13 or older
Guilty Crown,7.46,92,"1,065,525",TV,22,Funimation,Production I.G,"Action,Drama,Romance,Sci-Fi",NULL,R - 17+ (violence & profanity)
Kaichou wa Maid-sama!,8.03,93,"1,047,530",TV,26,Sentai Filmworks,J.C.Staff,"Comedy,Romance",Shoujo,PG-13 - Teens 13 or older
Samurai Champloo,8.5,94,"1,032,543",TV,26,"Funimation,Geneon Entertainment USA",Manglobe,"Action,Adventure,Comedy",Shounen,R - 17+ (violence & profanity)
Dragon Ball Z,8.15,95,"1,031,777",TV,291,Funimation,Toei Animation,"Action,Adventure,Comedy,Fantasy",Shounen,PG-13 - Teens 13 or older
Made in Abyss,8.7,96,"1,038,451",TV,13,Sentai Filmworks,Kinema Citrus,"Adventure,Drama,Fantasy,Mystery,Sci-Fi",NULL,R - 17+ (violence & profanity)
Howl no Ugoku Shiro,8.66,97,"1,029,989",Movie,1,Walt Disney Studios,Studio Ghibli,"Adventure,Drama,Fantasy,Romance",NULL,G - All Ages
Clannad: After Story,8.95,98,"1,025,067",TV,24,Sentai Filmworks,Kyoto Animation,"Comedy,Drama,Romance,Slice of Life,Supernatural",NULL,PG-13 - Teens 13 or older
Mononoke Hime,8.69,99,"1,019,396",Movie,1,GKIDS,Studio Ghibli,"Action,Adventure,Fantasy",NULL,PG-13 - Teens 13 or older
Tensei shitara Slime Datta Ken,8.11,100,"1,029,325",TV,24,Funimation,8bit,"Action,Adventure,Comedy,Fantasy",NULL,PG-13 - Teens 13 or older
Bungou Stray Dogs,7.81,101,"1,024,060",TV,12,"Funimation,Crunchyroll",Bones,"Action,Comedy,Mystery,Supernatural",Seinen,R - 17+ (violence & profanity)
Kuroshitsuji,7.7,102,"1,005,120",TV,24,"Funimation,Aniplex of America",A-1 Pictures,"Action,Comedy,Mystery,Supernatural",Shounen,R - 17+ (violence & profanity)
Nisekoi,7.61,103,"991,168",TV,20,Aniplex of America,Shaft,"Comedy,Romance",Shounen,PG-13 - Teens 13 or older
Kyoukai no Kanata,7.75,104,"985,480",TV,12,Sentai Filmworks,Kyoto Animation,"Fantasy,Slice of Life,Supernatural",NULL,PG-13 - Teens 13 or older
Kobayashi-san Chi no Maid Dragon,8.01,105,"989,499",TV,13,"Funimation,Crunchyroll",Kyoto Animation,"Comedy,Fantasy,Slice of Life",NULL,PG-13 - Teens 13 or older
Kuroko no Basket,8.09,106,"976,742",TV,25,None found,Production I.G,"Comedy,Sports",Shounen,PG-13 - Teens 13 or older
Log Horizon,7.96,107,"972,438",TV,25,Sentai Filmworks,Satelight,"Action,Adventure,Fantasy",NULL,PG-13 - Teens 13 or older
Ouran Koukou Host Club,8.17,108,"952,043",TV,26,Funimation,Bones,"Comedy,Romance",Shoujo,PG-13 - Teens 13 or older
Zankyou no Terror,8.11,109,"956,918",TV,11,Funimation,MAPPA,"Mystery,Suspense",NULL,R - 17+ (violence & profanity)
Shokugeki no Souma: Ni no Sara,8.14,110,"952,897",TV,13,Sentai Filmworks,J.C.Staff,"Gourmet,Ecchi",Shounen,PG-13 - Teens 13 or older
Enen no Shouboutai,7.68,111,"956,398",TV,24,Funimation,David Production,"Action,Supernatural",Shounen,PG-13 - Teens 13 or older
Vinland Saga,8.73,112,"953,014",TV,24,Sentai Filmworks,Wit Studio,"Action,Adventure,Drama",Seinen,R - 17+ (violence & profanity)
Fate/Zero 2nd Season,8.58,113,"937,540",TV,12,Aniplex of America,ufotable,"Action,Fantasy,Supernatural",NULL,R - 17+ (violence & profanity)
Haikyuu!!: Karasuno Koukou vs. Shiratorizawa Gakuen Koukou,8.81,114,"940,018",TV,10,Sentai Filmworks,Production I.G,"Comedy,Drama,Sports",Shounen,PG-13 - Teens 13 or older
Kaguya-sama wa Kokurasetai?: Tensai-tachi no Renai Zunousen,8.66,115,"932,615",TV,12,Aniplex of America,A-1 Pictures,"Comedy,Romance",Seinen,PG-13 - Teens 13 or older
Nanatsu no Taizai: Imashime no Fukkatsu,7.69,116,"922,890",TV,24,None found,A-1 Pictures,"Action,Adventure,Fantasy,Supernatural",Shounen,PG-13 - Teens 13 or older
Tokyo Ghoul:re,6.41,117,"909,814",TV,12,Funimation,"Studio Pierrot,       Pierrot Plus","Action,Drama,Horror,Mystery,Supernatural",Seinen,R - 17+ (violence & profanity)
JoJo no Kimyou na Bouken Part 3: Stardust Crusaders,8.09,118,"903,762",TV,24,VIZ Media,David Production,"Action,Adventure,Drama,Supernatural",Shounen,R - 17+ (violence & profanity)
Dororo,8.22,119,"902,517",TV,24,Sentai Filmworks,"Tezuka Productions,       MAPPA","Action,Adventure,Supernatural",Shounen,R - 17+ (violence & profanity)
K-On!,7.84,120,"894,470",TV,13,"Bandai Entertainment,Sentai Filmworks",Kyoto Animation,"Comedy,Slice of Life",NULL,PG-13 - Teens 13 or older
Tonari no Kaibutsu-kun,7.51,121,"893,610",TV,13,"NIS America,Inc.",Brain's Base,"Comedy,Romance,Slice of Life",Shoujo,PG-13 - Teens 13 or older
Gintama,8.95,122,"886,349",TV,201,"Sentai Filmworks,Crunchyroll",Sunrise,"Action,Comedy,Sci-Fi",Shounen,PG-13 - Teens 13 or older
Magi: The Labyrinth of Magic,8.04,123,"884,995",TV,25,Aniplex of America,A-1 Pictures,"Action,Adventure,Fantasy",Shounen,PG-13 - Teens 13 or older
Mahouka Koukou no Rettousei,7.46,124,"882,638",TV,26,Aniplex of America,Madhouse,"Action,Romance,Sci-Fi,Supernatural",NULL,PG-13 - Teens 13 or older
Fate/stay night: Unlimited Blade Works,8.2,125,"876,328",TV,12,Aniplex of America,ufotable,"Action,Fantasy,Supernatural",NULL,R - 17+ (violence & profanity)
Kimetsu no Yaiba Movie: Mugen Ressha-hen,8.71,126,"883,629",Movie,1,Aniplex of America,ufotable,NuLL,Shounen,R - 17+ (violence & profanity)
Yahari Ore no Seishun Love Comedy wa Machigatteiru. Zoku,8.24,127,"864,052",TV,13,Sentai Filmworks,feel.,"Comedy,Drama,Romance,Slice of Life",NULL,PG-13 - Teens 13 or older
Goblin Slayer,7.43,128,"863,967",TV,12,Funimation,White Fox,"Action,Adventure,Fantasy",NULL,R - 17+ (violence & profanity)
Tonari no Totoro,8.27,129,"855,591",Movie,1,"Walt Disney Studios,GKIDS",Studio Ghibli,"Adventure,Supernatural",NULL,G - All Ages
Devilman: Crybaby,7.79,130,"862,508",ONA,10,None found,Science SARU,"Action,Avant Garde,Horror,Supernatural",NULL,R+ - Mild Nudity
Dragon Ball,7.97,131,"852,896",TV,153,Funimation,Toei Animation,"Adventure,Comedy,Fantasy",Shounen,PG-13 - Teens 13 or older
Date A Live,7.19,132,"847,200",TV,12,Funimation,AIC PLUS+,"Comedy,Romance,Sci-Fi",NULL,R - 17+ (violence & profanity)
ReLIFE,8,133,"846,449",TV,13,"Funimation,Crunchyroll",TMS Entertainment,"Drama,Romance,Slice of Life",NULL,PG-13 - Teens 13 or older
Re:Zero kara Hajimeru Isekai Seikatsu 2nd Season,8.41,134,"843,550",TV,13,None found,White Fox,"Drama,Fantasy,Suspense",NULL,R - 17+ (violence & profanity)
Golden Time,7.76,135,"834,041",TV,24,Sentai Filmworks,J.C.Staff,"Comedy,Drama,Romance",NULL,PG-13 - Teens 13 or older
Fate/stay night,7.3,136,"828,140",TV,24,"Sentai Filmworks,Geneon Entertainment USA",Studio Deen,"Action,Fantasy,Romance,Supernatural",NULL,R - 17+ (violence & profanity)
Darker than Black: Kuro no Keiyakusha,8.09,137,"825,895",TV,25,Funimation,Bones,"Action,Mystery,Sci-Fi",NULL,R - 17+ (violence & profanity)
Horimiya,8.21,138,"837,055",TV,13,Funimation,CloverWorks,"Comedy,Romance,Slice of Life",Shounen,PG-13 - Teens 13 or older
Prison School,7.65,139,"826,428",TV,12,Funimation,J.C.Staff,"Comedy,Romance,Ecchi",Seinen,R+ - Mild Nudity
Fairy Tail (2014),7.67,140,"821,511",TV,102,Funimation,"A-1 Pictures,       Bridge","Action,Adventure,Comedy,Fantasy",Shounen,PG-13 - Teens 13 or older
Black Lagoon,8.03,141,"815,408",TV,12,"Funimation,Geneon Entertainment USA",Madhouse,NULL,Seinen,R - 17+ (violence & profanity)
JoJo no Kimyou na Bouken Part 3: Stardust Crusaders 2nd Season,8.43,142,"824,303",TV,24,VIZ Media,David Production,"Action,Adventure,Drama,Supernatural",Shounen,R - 17+ (violence & profanity)
JoJo no Kimyou na Bouken Part 4: Diamond wa Kudakenai,8.5,143,"822,778",TV,39,VIZ Media,David Production,"Action,Adventure,Comedy,Drama,Supernatural",Shounen,R - 17+ (violence & profanity)
Suzumiya Haruhi no Yuuutsu,7.85,144,"810,769",TV,14,"Funimation,Bandai Entertainment,Kadokawa Pictures USA",Kyoto Animation,"Comedy,Mystery,Sci-Fi,Slice of Life",NULL,PG-13 - Teens 13 or older
Sword Art Online: Alicization,7.55,145,"816,681",TV,24,Aniplex of America,A-1 Pictures,"Action,Adventure,Fantasy,Romance",NULL,R - 17+ (violence & profanity)
Saiki Kusuo no Ψ-nan,8.43,146,"811,228",TV,120,Funimation,"J.C.Staff,       Egg Firm","Comedy,Slice of Life,Supernatural",Shounen,PG-13 - Teens 13 or older
Black Bullet,7.13,147,"801,681",TV,13,Sentai Filmworks,"Kinema Citrus,       Orange","Action,Mystery,Sci-Fi",Seinen,R - 17+ (violence & profanity)
Danganronpa: Kibou no Gakuen to Zetsubou no Koukousei The Animation,7.25,148,"797,945",TV,13,Funimation,Lerche,"Horror,Mystery",NULL,R - 17+ (violence & profanity)
Shokugeki no Souma: San no Sara,8.06,149,"800,135",TV,12,Sentai Filmworks,J.C.Staff,"Gourmet,Ecchi",Shounen,PG-13 - Teens 13 or older
Byousoku 5 Centimeter,7.64,150,"793,975",Movie,3,"ADV Films,Bandai Entertainment,Discotek Media,Crunchyroll",CoMix Wave Films,"Drama,Romance,Slice of Life",NULL,PG-13 - Teens 13 or older
Baccano!,8.39,151,"790,896",TV,13,"Funimation,Aniplex of America",Brain's Base,"Action,Comedy,Mystery,Supernatural",NULL,R - 17+ (violence & profanity)
Gekkan Shoujo Nozaki-kun,7.89,152,"786,944",TV,12,Sentai Filmworks,Doga Kobo,"Comedy,Romance",NULL,PG-13 - Teens 13 or older
High School DxD New,7.5,153,"778,742",TV,12,Funimation,TNK,"Action,Comedy,Romance,Ecchi",NULL,R+ - Mild Nudity
Overlord II,7.76,154,"780,387",TV,13,Funimation,Madhouse,"Action,Adventure,Fantasy,Supernatural",NULL,R - 17+ (violence & profanity)
Youkoso Jitsuryoku Shijou Shugi no Kyoushitsu e (TV),7.84,155,"782,386",TV,12,Funimation,Lerche,NULL,NULL,PG-13 - Teens 13 or older
Plastic Memories,7.92,156,"775,522",TV,13,Aniplex of America,Doga Kobo,"Drama,Romance,Sci-Fi",NULL,PG-13 - Teens 13 or older
Hellsing Ultimate,8.37,157,"768,345",OVA,10,"Funimation,Geneon Entertainment USA","Madhouse,       Satelight,       Graphinica","Action,Horror,Supernatural",Seinen,R - 17+ (violence & profanity)
Boku no Hero Academia 5th Season,7.48,158,"762,118",TV,25,Funimation,Bones,"Action,Comedy",Shounen,PG-13 - Teens 13 or older
Monster,8.8,159,"763,627",TV,74,VIZ Media,Madhouse,"Drama,Horror,Mystery,Suspense",Seinen,R+ - Mild Nudity
Rakudai Kishi no Cavalry,7.48,160,"766,154",TV,12,Sentai Filmworks,"SILVER LINK.,       Nexus","Action,Fantasy,Romance,Ecchi",NULL,R - 17+ (violence & profanity)
Kimi ni Todoke,8,161,"752,745",TV,25,"NIS America,Inc.",Production I.G,"Drama,Romance,Slice of Life",Shoujo,PG-13 - Teens 13 or older
Btooom!,7.33,162,"752,583",TV,12,Sentai Filmworks,Madhouse,"Action,Sci-Fi",Seinen,R - 17+ (violence & profanity)
Nichijou,8.46,163,"740,035",TV,26,"Funimation,Bandai Entertainment",Kyoto Animation,"Comedy,Slice of Life",Shounen,PG-13 - Teens 13 or older
Ao Haru Ride,7.66,164,"737,194",TV,12,Sentai Filmworks,Production I.G,"Drama,Romance,Slice of Life",Shoujo,PG-13 - Teens 13 or older
Kokoro Connect,7.79,165,"724,319",TV,13,Sentai Filmworks,SILVER LINK.,"Comedy,Drama,Romance,Slice of Life,Supernatural",NULL,PG-13 - Teens 13 or older
Magi: The Kingdom of Magic,8.24,166,"724,197",TV,25,Aniplex of America,A-1 Pictures,"Action,Adventure,Fantasy",Shounen,PG-13 - Teens 13 or older
Mahoutsukai no Yome,8.08,167,"724,986",TV,24,Funimation,Wit Studio,"Fantasy,Slice of Life",Shounen,PG-13 - Teens 13 or older
JoJo no Kimyou na Bouken Part 5: Ougon no Kaze,8.59,168,"729,647",TV,39,VIZ Media,David Production,"Action,Adventure",Shounen,R - 17+ (violence & profanity)
Tokyo Revengers,8.28,169,"719,074",TV,24,None found,LIDENFILMS,"Action,Drama,Supernatural",Shounen,R - 17+ (violence & profanity)
Kekkai Sensen,7.62,170,"724,136",TV,12,Funimation,Bones,"Action,Comedy,Fantasy,Supernatural",Shounen,R - 17+ (violence & profanity)
Yakusoku no Neverland 2nd Season,5.45,171,"725,455",TV,11,Aniplex of America,CloverWorks,"Mystery,Sci-Fi,Suspense",Shounen,R - 17+ (violence & profanity)
Yuri!!! on Ice,7.91,172,"723,965",TV,12,"Funimation,Crunchyroll",MAPPA,"Comedy,Sports",NULL,PG-13 - Teens 13 or older
Zero no Tsukaima,7.27,173,"714,559",TV,13,"Funimation,Sentai Filmworks,Geneon Entertainment USA",J.C.Staff,"Action,Adventure,Comedy,Fantasy,Romance,Ecchi",NULL,PG-13 - Teens 13 or older
Youjo Senki,7.98,174,"720,011",TV,12,"Funimation,Crunchyroll",Nut,NULL,NULL,R - 17+ (violence & profanity)
Neon Genesis Evangelion: The End of Evangelion,8.54,175,"714,517",Movie,1,"GKIDS,Manga Entertainment","Gainax,       Production I.G","Avant Garde,Drama,Sci-Fi",NULL,R+ - Mild Nudity
Fate/stay night: Unlimited Blade Works 2nd Season,8.33,176,"715,446",TV,13,Aniplex of America,ufotable,"Action,Fantasy,Supernatural",NULL,R - 17+ (violence & profanity)
No Game No Life: Zero,8.25,177,"714,028",Movie,1,Sentai Filmworks,Madhouse,"Drama,Fantasy,Romance,Supernatural",NULL,PG-13 - Teens 13 or older
Wotaku ni Koi wa Muzukashii,7.95,178,"718,737",TV,11,None found,A-1 Pictures,"Comedy,Romance,Slice of Life",NULL,PG-13 - Teens 13 or older
Boku wa Tomodachi ga Sukunai,7.22,179,"708,678",TV,12,Funimation,AIC Build,"Comedy,Romance,Slice of Life,Ecchi",NULL,R+ - Mild Nudity
Mushoku Tensei: Isekai Ittara Honki Dasu,8.36,180,"726,725",TV,11,Funimation,Studio Bind,"Drama,Fantasy,Ecchi",NULL,R - 17+ (violence & profanity)
Ookami to Koushinryou,8.25,181,"705,632",TV,13,"Funimation,Kadokawa Pictures USA",Imagin,"Adventure,Fantasy,Romance",NULL,PG-13 - Teens 13 or older
Higurashi no Naku Koro ni,7.92,182,"703,458",TV,26,"Sentai Filmworks,Geneon Entertainment USA",Studio Deen,"Avant Garde,Horror,Mystery,Supernatural,Suspense",NULL,R - 17+ (violence & profanity)
Toaru Majutsu no Index,7.4,183,"703,412",TV,24,Funimation,J.C.Staff,"Action,Sci-Fi",NULL,R - 17+ (violence & profanity)
Trinity Seven,7.11,184,"705,130",TV,12,Sentai Filmworks,Seven Arcs Pictures,"Action,Comedy,Fantasy,Romance,Supernatural,Ecchi",Shounen,PG-13 - Teens 13 or older
Dr. Stone: Stone Wars,8.19,185,"708,468",TV,11,Funimation,TMS Entertainment,"Adventure,Comedy,Sci-Fi",Shounen,PG-13 - Teens 13 or older
Mushishi,8.68,186,"698,580",TV,26,Funimation,Artland,"Adventure,Fantasy,Mystery,Slice of Life,Supernatural",Seinen,PG-13 - Teens 13 or older
Kotonoha no Niwa,7.95,187,"699,997",Movie,1,Sentai Filmworks,CoMix Wave Films,"Drama,Romance,Slice of Life",NULL,PG-13 - Teens 13 or older
Steins Gate 0,8.51,188,"702,617",TV,23,Funimation,White Fox,"Drama,Sci-Fi,Suspense",NULL,PG-13 - Teens 13 or older
Kuroko no Basket 2nd Season,8.24,189,"697,268",TV,25,None found,Production I.G,"Comedy,Sports",Shounen,PG-13 - Teens 13 or older
Tenki no Ko,8.34,190,"693,220",Movie,1,GKIDS,CoMix Wave Films,"Drama,Fantasy,Romance,Slice of Life",NULL,PG-13 - Teens 13 or older
Ookami Kodomo no Ame to Yuki,8.61,191,"694,463",Movie,1,Funimation,Studio Chizu,"Fantasy,Slice of Life",NULL,G - All Ages
Akatsuki no Yona,8.04,192,"695,089",TV,24,Funimation,Studio Pierrot,"Action,Adventure,Comedy,Fantasy,Romance",Shoujo,PG-13 - Teens 13 or older
Kami no Tou,7.59,193,"695,071",TV,13,Crunchyroll,Telecom Animation Film,"Action,Adventure,Drama,Fantasy,Mystery",NULL,PG-13 - Teens 13 or older
FLCL,8.03,194,"688,521",OVA,6,"Funimation,Synch-Point","Gainax,       Production I.G","Action,Avant Garde,Comedy,Sci-Fi",NULL,PG-13 - Teens 13 or older
Toki wo Kakeru Shoujo,8.15,195,"687,795",Movie,1,"Funimation,Bandai Entertainment,Kadokawa Pictures USA",Madhouse,"Drama,Romance,Sci-Fi",NULL,G - All Ages
Free!,7.35,196,"687,659",TV,12,"Funimation,Discotek Media,Crunchyroll","Kyoto Animation,       Animation Do","Comedy,Drama,Slice of Life,Sports",NULL,PG-13 - Teens 13 or older
Danshi Koukousei no Nichijou,8.25,197,"686,635",TV,12,"NIS America,Inc.",Sunrise,"Comedy,Slice of Life",NULL,PG-13 - Teens 13 or older
Boruto: Naruto Next Generations,5.89,198,"682,234",TV,Unknown,VIZ Media,Studio Pierrot,"Action,Adventure",Shounen,PG-13 - Teens 13 or older
Shinsekai yori,8.32,199,"681,426",TV,25,Sentai Filmworks,A-1 Pictures,"Drama,Horror,Mystery,Sci-Fi,Supernatural",NULL,R - 17+ (violence & profanity)
"Kanojo, Okarishimasu",7.33,200,"688,103",TV,12,None found,TMS Entertainment,"Comedy,Romance",Shounen,PG-13 - Teens 13 or older
Great Teacher Onizuka,8.69,201,"676,724",TV,43,"Discotek Media,Tokyopop",Studio Pierrot,"Comedy,Drama,Slice of Life",Shounen,R - 17+ (violence & profanity)
Hotarubi no Mori e,8.33,202,"677,634",Movie,1,None found,Brain's Base,"Drama,Romance,Supernatural",Shoujo,G - All Ages
Koutetsujou no Kabaneri,7.26,203,"677,690",TV,12,"Funimation,Crunchyroll",Wit Studio,"Action,Drama,Fantasy,Horror,Supernatural",NULL,R - 17+ (violence & profanity)
5-toubun no Hanayome,7.67,204,"680,500",TV,12,Funimation,Tezuka Productions,"Comedy,Romance",Shounen,PG-13 - Teens 13 or older
High School DxD BorN,7.43,205,"675,982",TV,12,Funimation,TNK,"Action,Comedy,Romance,Ecchi",NULL,R+ - Mild Nudity
Haikyuu!!: To the Top,8.35,206,"679,884",TV,13,Crunchyroll,Production I.G,"Comedy,Drama,Sports",Shounen,PG-13 - Teens 13 or older
Masamune-kun no Revenge,6.77,207,"676,140",TV,12,Funimation,SILVER LINK.,"Comedy,Romance",Shounen,PG-13 - Teens 13 or older
InuYasha,7.85,208,"669,558",TV,167,VIZ Media,Sunrise,"Action,Adventure,Comedy,Fantasy,Romance,Supernatural",Shounen,PG-13 - Teens 13 or older
"Gate: Jieitai Kanochi nite, Kaku Tatakaeri",7.71,209,"672,380",TV,12,Sentai Filmworks,A-1 Pictures,"Action,Adventure,Fantasy",NULL,R - 17+ (violence & profanity)
Overlord III,7.92,210,"673,727",TV,13,Funimation,Madhouse,"Action,Fantasy,Supernatural",NULL,R - 17+ (violence & profanity)
Akira,8.16,211,"668,430",Movie,1,"Funimation,Bandai Entertainment,Geneon Entertainment USA",Tokyo Movie Shinsha,"Action,Adventure,Horror,Sci-Fi,Supernatural",Seinen,R+ - Mild Nudity
K,7.47,212,"668,577",TV,13,VIZ Media,GoHands,"Action,Mystery,Supernatural",NULL,PG-13 - Teens 13 or older
Orange,7.62,213,"669,562",TV,13,"Funimation,Crunchyroll",Telecom Animation Film,"Drama,Romance,Sci-Fi",Shoujo,PG-13 - Teens 13 or older
The God of High School,7.06,214,"671,614",TV,13,Crunchyroll,MAPPA,"Action,Adventure,Comedy,Fantasy,Sci-Fi,Supernatural",NULL,PG-13 - Teens 13 or older
Shimoneta to Iu Gainen ga Sonzai Shinai Taikutsu na Sekai,7.28,215,"661,227",TV,12,Funimation,J.C.Staff,"Comedy,Ecchi",NULL,R+ - Mild Nudity
Dragon Ball Super,7.4,216,"661,651",TV,131,Funimation,Toei Animation,"Action,Adventure,Comedy,Fantasy",Shounen,PG-13 - Teens 13 or older
Kimi no Suizou wo Tabetai,8.58,217,"660,674",Movie,1,Aniplex of America,Studio VOLN,"Drama,Romance,Slice of Life",NULL,PG-13 - Teens 13 or older
Yamada-kun to 7-nin no Majo (TV),7.59,218,"653,936",TV,12,"Funimation,Crunchyroll",LIDENFILMS,"Comedy,Mystery,Romance,Supernatural",Shounen,PG-13 - Teens 13 or older
Beastars,7.93,219,"654,770",TV,12,None found,Orange,"Drama,Slice of Life",Shounen,R - 17+ (violence & profanity)
Accel World,7.27,220,"644,250",TV,24,VIZ Media,Sunrise,"Action,Romance,Sci-Fi",NULL,PG-13 - Teens 13 or older
Nisemonogatari,8.16,221,"644,357",TV,11,Aniplex of America,Shaft,"Comedy,Mystery,Supernatural,Ecchi",NULL,R - 17+ (violence & profanity)
Tokyo Ghoul:re 2nd Season,6.38,222,"644,285",TV,12,Funimation,"Studio Pierrot,       Pierrot Plus","Action,Drama,Horror,Mystery,Supernatural",Seinen,R - 17+ (violence & profanity)
Owari no Seraph: Nagoya Kessen-hen,7.63,223,"641,541",TV,12,Funimation,Wit Studio,"Action,Drama,Supernatural",Shounen,R - 17+ (violence & profanity)
Sakamoto Desu ga?,7.57,224,"635,898",TV,12,Sentai Filmworks,Studio Deen,"Comedy,Slice of Life",Seinen,PG-13 - Teens 13 or older
Monster Musume no Iru Nichijou,7.03,225,"628,051",TV,12,Sentai Filmworks,Lerche,"Comedy,Fantasy,Romance,Ecchi",Seinen,R+ - Mild Nudity
Ao no Exorcist: Kyoto Fujouou-hen,7.38,226,"628,330",TV,12,Aniplex of America,A-1 Pictures,"Action,Fantasy,Supernatural",Shounen,PG-13 - Teens 13 or older
Bungou Stray Dogs 2nd Season,8.2,227,"630,625",TV,12,"Funimation,Crunchyroll",Bones,"Action,Mystery,Supernatural",Seinen,R - 17+ (violence & profanity)
Trigun,8.22,228,"622,897",TV,26,"Funimation,Geneon Entertainment USA",Madhouse,"Action,Adventure,Comedy,Drama,Sci-Fi",Shounen,PG-13 - Teens 13 or older
Dungeon ni Deai wo Motomeru no wa Machigatteiru Darou ka II,7.23,229,"627,777",TV,12,Sentai Filmworks,J.C.Staff,"Action,Adventure,Comedy,Fantasy,Romance",NULL,PG-13 - Teens 13 or older
Kiznaiver,7.4,230,"624,651",TV,12,"Aniplex of America,Crunchyroll",Trigger,"Drama,Romance,Sci-Fi",NULL,PG-13 - Teens 13 or older
Chuunibyou demo Koi ga Shitai! Ren,7.56,231,"621,610",TV,12,Sentai Filmworks,Kyoto Animation,"Comedy,Drama,Romance,Slice of Life",NULL,PG-13 - Teens 13 or older
D.Gray-man,8.03,232,"616,340",TV,103,Funimation,TMS Entertainment,"Action,Adventure,Comedy",Shounen,PG-13 - Teens 13 or older
Banana Fish,8.51,233,"623,896",TV,24,None found,MAPPA,"Action,Adventure,Drama",Shoujo,R - 17+ (violence & profanity)
Ore no Imouto ga Konnani Kawaii Wake ga Nai,7.03,234,"614,439",TV,12,Aniplex of America,AIC Build,"Comedy,Slice of Life",NULL,PG-13 - Teens 13 or older
Hellsing,7.49,235,"611,153",TV,13,"Funimation,Geneon Entertainment USA",Gonzo,"Action,Horror,Supernatural",Seinen,R - 17+ (violence & profanity)
NHK ni Youkoso!,8.32,236,"610,243",TV,24,"ADV Films,Funimation",Gonzo,"Comedy,Drama,Romance",NULL,R+ - Mild Nudity
Hai to Gensou no Grimgar,7.66,237,"611,814",TV,12,Funimation,A-1 Pictures,"Action,Adventure,Drama,Fantasy",NULL,PG-13 - Teens 13 or older
Tensei shitara Slime Datta Ken 2nd Season,8.41,238,"619,053",TV,12,Funimation,8bit,"Action,Adventure,Comedy,Fantasy",NULL,PG-13 - Teens 13 or older
Kuroko no Basket 3rd Season,8.31,239,"612,169",TV,25,None found,Production I.G,"Comedy,Sports",Shounen,PG-13 - Teens 13 or older
Eromanga-sensei,6.42,240,"604,975",TV,12,Aniplex of America,A-1 Pictures,"Comedy,Drama,Romance,Ecchi",NULL,PG-13 - Teens 13 or older
Rosario to Vampire,6.79,241,"600,015",TV,13,Funimation,Gonzo,"Comedy,Fantasy,Romance,Ecchi",Shounen,R+ - Mild Nudity
Blood Lad,7.29,242,"601,625",TV,10,VIZ Media,Brain's Base,"Action,Comedy,Supernatural",Seinen,PG-13 - Teens 13 or older
Re:Zero kara Hajimeru Isekai Seikatsu 2nd Season Part 2,8.53,243,"604,837",TV,12,None found,White Fox,"Drama,Fantasy,Suspense",NULL,R - 17+ (violence & profanity)
Sword Art Online Movie: Ordinal Scale,7.59,244,"601,280",Movie,1,Aniplex of America,A-1 Pictures,"Action,Adventure,Fantasy,Romance",NULL,R+ - Mild Nudity
Claymore,7.76,245,"589,643",TV,26,Funimation,Madhouse,"Action,Adventure,Fantasy,Supernatural",Shounen,R+ - Mild Nudity
Nanatsu no Taizai: Seisen no Shirushi,7.03,246,"593,055",TV,4,None found,A-1 Pictures,"Action,Adventure,Fantasy,Supernatural",Shounen,PG-13 - Teens 13 or older
Kakegurui××,7.22,247,"593,707",TV,12,None found,MAPPA,"Drama,Mystery",Shounen,R - 17+ (violence & profanity)
K-On!!,8.16,248,"584,627",TV,26,Sentai Filmworks,Kyoto Animation,"Comedy,Slice of Life",NULL,PG-13 - Teens 13 or older
Tsurezure Children,7.61,249,"586,867",TV,12,Funimation,Studio Gokumi,"Comedy,Romance",Shounen,PG-13 - Teens 13 or older
Nisekoi:,7.37,250,"586,027",TV,12,Aniplex of America,Shaft,"Comedy,Romance",Shounen,PG-13 - Teens 13 or older
Himouto! Umaru-chan,7.14,251,"584,863",TV,12,Sentai Filmworks,Doga Kobo,"Comedy,Slice of Life",Seinen,PG-13 - Teens 13 or older
School Days,5.59,252,"579,969",TV,12,Discotek Media,TNK,"Drama,Romance",NULL,R+ - Mild Nudity
Shokugeki no Souma: San no Sara - Tootsuki Ressha-hen,8.01,253,"583,744",TV,12,Sentai Filmworks,J.C.Staff,"Gourmet,Ecchi",Shounen,PG-13 - Teens 13 or older
Lucky☆Star,7.74,254,"576,246",TV,24,"Funimation,Bandai Entertainment,Kadokawa Pictures USA",Kyoto Animation,"Comedy,Slice of Life",NULL,PG-13 - Teens 13 or older
Serial Experiments Lain,8.06,255,"576,681",TV,13,"Funimation,Geneon Entertainment USA",Triangle Staff,"Avant Garde,Drama,Mystery,Sci-Fi,Supernatural",NULL,R - 17+ (violence & profanity)
Monogatari Series: Second Season,8.78,256,"576,531",TV,26,Aniplex of America,Shaft,"Comedy,Mystery,Romance,Supernatural",NULL,R - 17+ (violence & profanity)
Fumetsu no Anata e,8.45,257,"573,446",TV,20,None found,Brain's Base,"Adventure,Drama,Supernatural",Shounen,R - 17+ (violence & profanity)
Boku no Hero Academia the Movie 1: Futari no Hero,7.62,258,"579,906",Movie,1,Funimation,Bones,NULL,Shounen,PG-13 - Teens 13 or older
Baka to Test to Shoukanjuu,7.56,259,"571,133",TV,13,Funimation,SILVER LINK.,"Comedy,Romance",NULL,PG-13 - Teens 13 or older
Rokudenashi Majutsu Koushi to Akashic Records,7.16,260,"574,974",TV,12,Funimation,LIDENFILMS,"Action,Fantasy",NULL,R - 17+ (violence & profanity)
91 Days,7.83,261,"574,090",TV,12,"Funimation,Crunchyroll",Shuka,"Action,Drama",NULL,R - 17+ (violence & profanity)
Fruits Basket 1st Season,8.22,262,"573,826",TV,25,Funimation,TMS Entertainment,"Comedy,Drama,Romance,Slice of Life,Supernatural",Shoujo,PG-13 - Teens 13 or older
Kore wa Zombie Desu ka?,7.39,263,"565,884",TV,12,Funimation,Studio Deen,"Action,Comedy,Supernatural,Ecchi",NULL,R - 17+ (violence & profanity)
Barakamon,8.4,264,"565,530",TV,12,Funimation,Kinema Citrus,"Comedy,Slice of Life",NULL,PG-13 - Teens 13 or older
Watashi ga Motenai no wa Dou Kangaetemo Omaera ga Warui!,7.01,265,"564,818",TV,12,Sentai Filmworks,SILVER LINK.,"Comedy,Slice of Life",NULL,PG-13 - Teens 13 or older
Psycho-Pass 2,7.41,266,"565,972",TV,11,Funimation,Tatsunoko Production,"Action,Sci-Fi,Suspense",NULL,R - 17+ (violence & profanity)
Kono Subarashii Sekai ni Shukufuku wo! Movie: Kurenai Densetsu,8.49,267,"569,247",Movie,1,None found,J.C.Staff,"Adventure,Comedy,Fantasy,Supernatural",NULL,PG-13 - Teens 13 or older
IS: Infinite Stratos,6.68,268,"560,679",TV,12,Sentai Filmworks,8bit,"Action,Comedy,Sci-Fi,Ecchi",NULL,PG-13 - Teens 13 or older
Amagi Brilliant Park,7.49,269,"561,014",TV,13,Sentai Filmworks,Kyoto Animation,"Comedy,Drama,Fantasy",NULL,PG-13 - Teens 13 or older
Grand Blue,8.42,270,"565,772",TV,12,None found,Zero-G,"Comedy,Slice of Life",Seinen,PG-13 - Teens 13 or older
Strike the Blood,7.08,271,"559,045",TV,24,"Discotek Media,Crunchyroll","SILVER LINK.,       Connect","Action,Fantasy,Supernatural,Ecchi",NULL,R+ - Mild Nudity
Nanatsu no Taizai: Kamigami no Gekirin,6.45,272,"563,819",TV,24,None found,"Studio Deen,       Marvy Jack","Action,Adventure,Fantasy,Supernatural",Shounen,PG-13 - Teens 13 or older
Yuu☆Yuu☆Hakusho,8.45,273,"557,667",TV,112,Funimation,Studio Pierrot,"Action,Comedy,Supernatural",Shounen,PG-13 - Teens 13 or older
Kuzu no Honkai,7.22,274,"561,011",TV,12,Sentai Filmworks,Lerche,"Drama,Romance",Seinen,R+ - Mild Nudity
Isekai Maou to Shoukan Shoujo no Dorei Majutsu,6.92,275,"561,840",TV,12,Funimation,Ajia-Do,"Comedy,Fantasy,Ecchi",NULL,PG-13 - Teens 13 or older
Kami nomi zo Shiru Sekai,7.69,276,"557,026",TV,12,Sentai Filmworks,Manglobe,"Comedy,Romance,Supernatural",Shounen,PG-13 - Teens 13 or older
Sword Art Online: Alicization - War of Underworld,7.58,277,"562,417",TV,12,Aniplex of America,A-1 Pictures,"Action,Adventure,Fantasy,Romance",NULL,R - 17+ (violence & profanity)
Shinmai Maou no Testament,6.75,278,"559,979",TV,12,"Funimation,Crunchyroll",Production IMS,"Action,Fantasy,Romance,Ecchi",NULL,R+ - Mild Nudity
Domestic na Kanojo,6.72,279,"561,785",TV,12,Sentai Filmworks,Diomedéa,"Drama,Romance",Shounen,R+ - Mild Nudity
Gakusen Toshi Asterisk,6.85,280,"557,874",TV,12,Aniplex of America,A-1 Pictures,"Action,Comedy,Fantasy,Romance,Sci-Fi,Supernatural,Ecchi",NULL,PG-13 - Teens 13 or older
Haikyuu!!: To the Top 2nd Season,8.54,281,"563,048",TV,12,Crunchyroll,Production I.G,"Comedy,Drama,Sports",Shounen,PG-13 - Teens 13 or older
Sukitte Ii na yo.,7.45,282,"556,303",TV,13,Sentai Filmworks,Zexcs,"Drama,Romance",Shoujo,PG-13 - Teens 13 or older
3-gatsu no Lion,8.41,283,"558,335",TV,22,Aniplex of America,Shaft,"Drama,Slice of Life",Seinen,PG-13 - Teens 13 or older
Ore Monogatari!!,7.93,284,"553,643",TV,24,Sentai Filmworks,Madhouse,"Comedy,Romance",Shoujo,PG-13 - Teens 13 or older
Wonder Egg Priority,7.86,285,"555,644",TV,12,Funimation,CloverWorks,"Drama,Fantasy",NULL,R - 17+ (violence & profanity)
To LOVE-Ru,7.02,286,"548,279",TV,26,Sentai Filmworks,Xebec,"Comedy,Romance,Sci-Fi,Ecchi",Shounen,R+ - Mild Nudity
Blend S,7.32,287,"548,823",TV,12,Aniplex of America,A-1 Pictures,"Comedy,Slice of Life",NULL,PG-13 - Teens 13 or older
Akagami no Shirayuki-hime,7.77,288,"547,148",TV,12,Funimation,Bones,"Drama,Fantasy,Romance",Shoujo,PG-13 - Teens 13 or older
Bakuman.,8.21,289,"543,224",TV,25,Media Blasters,J.C.Staff,"Comedy,Drama,Romance",Shounen,PG-13 - Teens 13 or older
Gamers!,6.83,290,"544,657",TV,12,Funimation,Pine Jam,"Comedy,Romance",NULL,PG-13 - Teens 13 or older
Dragon Ball GT,6.46,291,"538,820",TV,64,Funimation,Toei Animation,"Action,Adventure,Comedy,Fantasy,Sci-Fi",Shounen,PG-13 - Teens 13 or older
Ergo Proxy,7.91,292,"538,328",TV,23,"Funimation,Geneon Entertainment USA",Manglobe,"Mystery,Sci-Fi",NULL,R - 17+ (violence & profanity)
"Ijiranaide, Nagatoro-san",7.46,293,"544,841",TV,12,None found,Telecom Animation Film,"Comedy,Romance,Slice of Life",NULL,PG-13 - Teens 13 or older
Rokka no Yuusha,7.31,294,"537,578",TV,12,Ponycan USA,Passione,"Action,Adventure,Fantasy,Mystery",NULL,PG-13 - Teens 13 or older
Log Horizon 2nd Season,7.6,295,"537,080",TV,25,Sentai Filmworks,Studio Deen,"Action,Adventure,Fantasy",NULL,PG-13 - Teens 13 or older
Pokemon,7.35,296,"534,986",TV,276,"VIZ Media,4Kids Entertainment",OLM,"Action,Adventure,Comedy,Fantasy",Kids,PG - Children
Saenai Heroine no Sodatekata,7.51,297,"538,411",TV,12,Aniplex of America,A-1 Pictures,"Comedy,Romance,Ecchi",NULL,PG-13 - Teens 13 or older
Hataraku Saibou (TV),7.59,298,"538,049",TV,13,Aniplex of America,David Production,NULL,Shounen,PG-13 - Teens 13 or older
Suzumiya Haruhi no Shoushitsu,8.63,299,"534,371",Movie,1,"Funimation,Bandai Entertainment",Kyoto Animation,"Comedy,Mystery,Romance,Sci-Fi,Supernatural",NULL,PG-13 - Teens 13 or older
Vampire Knight,6.95,300,"533,400",TV,13,VIZ Media,Studio Deen,"Drama,Mystery,Romance,Supernatural",Shoujo,PG-13 - Teens 13 or older
Little Witch Academia (TV),7.85,301,"534,641",TV,25,Netflix,Trigger,"Adventure,Comedy,Fantasy",NULL,G - All Ages
Yahari Ore no Seishun Love Comedy wa Machigatteiru. Kan,8.4,302,"535,337",TV,12,Sentai Filmworks,feel.,"Comedy,Drama,Romance,Slice of Life",NULL,PG-13 - Teens 13 or older
Hotaru no Haka,8.5,303,"528,490",Movie,1,"ADV Films,Central Park Media,Sentai Filmworks",Studio Ghibli,NULL,NULL,PG-13 - Teens 13 or older
Zetsuen no Tempest,7.95,304,"528,322",TV,24,Aniplex of America,Bones,"Action,Drama,Fantasy,Mystery",Shounen,PG-13 - Teens 13 or older
Nagi no Asu kara,8.03,305,"526,681",TV,26,"NIS America,Inc.",P.A. Works,"Drama,Fantasy,Romance",NULL,PG-13 - Teens 13 or older
Date A Live II,7.21,306,"524,366",TV,10,Funimation,Production IMS,"Comedy,Romance,Sci-Fi",NULL,R - 17+ (violence & profanity)
Kamisama Hajimemashita,8.06,307,"524,900",TV,13,Funimation,TMS Entertainment,"Comedy,Fantasy,Romance,Supernatural",Shoujo,PG-13 - Teens 13 or older
Sankarea,7.32,308,"523,900",TV,12,Funimation,Studio Deen,"Comedy,Horror,Romance,Supernatural,Ecchi",Shounen,R+ - Mild Nudity
Koukaku Kidoutai,8.28,309,"520,654",Movie,1,Manga Entertainment,Production I.G,"Action,Sci-Fi",Seinen,R+ - Mild Nudity
Toaru Kagaku no Railgun,7.69,310,"520,991",TV,24,Funimation,J.C.Staff,"Action,Sci-Fi",NULL,PG-13 - Teens 13 or older
Grisaia no Kajitsu,7.52,311,"518,671",TV,13,Sentai Filmworks,8bit,"Drama,Romance",NULL,R+ - Mild Nudity
Beelzebub,7.88,312,"517,299",TV,60,Discotek Media,Pierrot Plus,"Action,Comedy,Supernatural",Shounen,PG-13 - Teens 13 or older
Enen no Shouboutai: Ni no Shou,7.76,313,"521,356",TV,24,Funimation,David Production,"Action,Supernatural",Shounen,PG-13 - Teens 13 or older
Shiki,7.76,314,"515,189",TV,22,Funimation,Daume,"Horror,Mystery,Supernatural,Suspense",NULL,R - 17+ (violence & profanity)
Inuyashiki,7.67,315,"518,009",TV,11,None found,MAPPA,"Action,Drama,Sci-Fi",Seinen,R - 17+ (violence & profanity)
"Maou Gakuin no Futekigousha: Shijou Saikyou no Maou no Shiso, Tensei shite Shison-tachi no Gakkou e Kayou",7.36,316,"516,745",TV,13,Aniplex of America,SILVER LINK.,"Action,Fantasy",NULL,R - 17+ (violence & profanity)
Mondaiji-tachi ga Isekai kara Kuru Sou Desu yo?,7.5,317,"510,257",TV,10,Sentai Filmworks,Diomedéa,"Action,Comedy,Fantasy,Supernatural",NULL,PG-13 - Teens 13 or older
Seishun Buta Yarou wa Yumemiru Shoujo no Yume wo Minai,8.64,318,"514,794",Movie,1,Aniplex of America,CloverWorks,"Drama,Romance,Supernatural",NULL,PG-13 - Teens 13 or older
Higashi no Eden,7.79,319,"505,964",TV,11,Funimation,Production I.G,"Action,Drama,Mystery,Romance,Sci-Fi,Suspense",NULL,R - 17+ (violence & profanity)
Steins Gate Movie: Fuka Ryouiki no Déjà vu,8.47,320,"503,978",Movie,1,Funimation,White Fox,"Drama,Sci-Fi",NULL,PG-13 - Teens 13 or older
Satsuriku no Tenshi,6.93,321,"508,289",TV,16,Funimation,J.C.Staff,"Adventure,Horror,Suspense",NULL,R - 17+ (violence & profanity)
Perfect Blue,8.51,322,"502,932",Movie,1,"GKIDS,Manga Entertainment",Madhouse,"Avant Garde,Drama,Horror",NULL,R+ - Mild Nudity
Ajin,7.44,323,"504,549",TV,13,Sentai Filmworks,Polygon Pictures,"Action,Horror,Mystery,Supernatural",Seinen,R - 17+ (violence & profanity)
Kiss x Sis (TV),6.67,324,"500,814",TV,12,None found,feel.,"Comedy,Romance,Ecchi",Seinen,PG-13 - Teens 13 or older
Katekyo Hitman Reborn!,8.15,325,"499,458",TV,203,"VIZ Media,Discotek Media",Artland,"Action,Comedy",Shounen,PG-13 - Teens 13 or older
Sword Art Online Alternative: Gun Gale Online,7.02,326,"502,229",TV,12,Aniplex of America,Studio 3Hz,"Action,Fantasy,Sci-Fi",NULL,PG-13 - Teens 13 or older
Nana,8.49,327,"496,358",TV,47,"VIZ Media,Sentai Filmworks",Madhouse,"Comedy,Drama,Romance,Slice of Life",Shoujo,R+ - Mild Nudity
Tonikaku Kawaii,7.92,328,"501,171",TV,12,Crunchyroll,Seven Arcs,"Comedy,Romance",Shounen,PG-13 - Teens 13 or older
Lovely★Complex,8.04,329,"493,259",TV,24,Discotek Media,Toei Animation,"Comedy,Romance",Shoujo,PG-13 - Teens 13 or older
Kenpuu Denki Berserk,8.51,330,"493,110",TV,25,"Media Blasters,NYAV Post",OLM,"Action,Adventure,Drama,Fantasy,Horror,Supernatural",Seinen,R+ - Mild Nudity
Katanagatari,8.34,331,"492,398",TV,12,"NIS America,Inc.",White Fox,"Action,Adventure,Romance",NULL,R - 17+ (violence & profanity)
Kuroshitsuji II,7.18,332,"492,527",TV,12,Funimation,A-1 Pictures,"Action,Comedy,Supernatural",Shounen,R - 17+ (violence & profanity)
Shakugan no Shana,7.48,333,"490,376",TV,24,"Funimation,Geneon Entertainment USA",J.C.Staff,"Action,Drama,Fantasy,Romance,Supernatural",NULL,PG-13 - Teens 13 or older
Hunter x Hunter,8.4,334,"488,898",TV,62,VIZ Media,Nippon Animation,"Action,Adventure,Fantasy",Shounen,PG-13 - Teens 13 or older
Gangsta.,7.4,335,"487,859",TV,12,Funimation,Manglobe,"Action,Drama",Seinen,R - 17+ (violence & profanity)
Fruits Basket,7.68,336,"480,869",TV,26,Funimation,Studio Deen,"Comedy,Drama,Romance,Slice of Life,Supernatural",Shoujo,PG-13 - Teens 13 or older
Gintama°,9.09,337,"483,630",TV,51,"Funimation,Crunchyroll",Bandai Namco Pictures,"Action,Comedy,Sci-Fi",Shounen,PG-13 - Teens 13 or older
God Eater,7.24,338,"479,102",TV,13,Aniplex of America,ufotable,"Action,Fantasy,Sci-Fi",NULL,R - 17+ (violence & profanity)
Absolute Duo,6.47,339,"478,098",TV,12,Funimation,8bit,"Action,Romance,Supernatural,Ecchi",NULL,R - 17+ (violence & profanity)
Nekomonogatari: Kuro,7.95,340,"476,796",TV,4,Aniplex of America,Shaft,"Comedy,Romance,Supernatural,Ecchi",NULL,R - 17+ (violence & profanity)
Saiki Kusuo no Ψ-nan 2,8.44,341,"476,856",TV,24,None found,"J.C.Staff,       Egg Firm","Comedy,Slice of Life,Supernatural",Shounen,PG-13 - Teens 13 or older
5-toubun no Hanayome ∬,8.15,342,"478,641",TV,12,None found,Bibury Animation Studios,"Comedy,Romance",Shounen,PG-13 - Teens 13 or older
Gosick,8.08,343,"471,140",TV,24,Funimation,Bones,"Drama,Mystery,Romance",NULL,R - 17+ (violence & profanity)
Boku wa Tomodachi ga Sukunai Next,7.34,344,"471,446",TV,12,Funimation,AIC Build,"Comedy,Romance,Slice of Life",NULL,PG-13 - Teens 13 or older
Shokugeki no Souma: Shin no Sara,7.75,345,"472,881",TV,12,None found,J.C.Staff,"Gourmet,Ecchi",Shounen,PG-13 - Teens 13 or older
Ore no Kanojo to Osananajimi ga Shuraba Sugiru,6.99,346,"468,800",TV,13,Aniplex of America,A-1 Pictures,"Comedy,Romance",NULL,PG-13 - Teens 13 or older
Arifureta Shokugyou de Sekai Saikyou,6.63,347,"472,004",TV,13,Funimation,"asread.,       White Fox","Action,Adventure,Fantasy",NULL,PG-13 - Teens 13 or older
Suzumiya Haruhi no Yuuutsu (2009),7.22,348,"464,917",TV,14,"Funimation,Bandai Entertainment",Kyoto Animation,"Comedy,Mystery,Romance,Sci-Fi,Slice of Life",NULL,PG-13 - Teens 13 or older
Aldnoah.Zero,7.41,349,"463,855",TV,12,Aniplex of America,"A-1 Pictures,       TROYCA","Action,Sci-Fi",NULL,R - 17+ (violence & profanity)
"Gate: Jieitai Kanochi nite, Kaku Tatakaeri 2nd Season",7.74,350,"465,392",TV,12,Sentai Filmworks,A-1 Pictures,"Action,Adventure,Fantasy",NULL,R - 17+ (violence & profanity)
Drifters,7.92,351,"465,250",TV,12,Funimation,Hoods Drifters Studio,"Action,Adventure,Comedy,Fantasy",Seinen,R - 17+ (violence & profanity)
Summer Wars,8.06,352,"461,667",Movie,1,"Funimation,Warner Bros. Japan,GKIDS",Madhouse,"Comedy,Sci-Fi",NULL,PG-13 - Teens 13 or older
The Last: Naruto the Movie,7.77,353,"461,551",Movie,1,VIZ Media,Studio Pierrot,"Action,Romance",Shounen,PG-13 - Teens 13 or older
Natsume Yuujinchou,8.32,354,"457,486",TV,13,"NIS America,Inc.",Brain's Base,"Drama,Slice of Life,Supernatural",Shoujo,PG-13 - Teens 13 or older
Shinchou Yuusha: Kono Yuusha ga Ore Tueee Kuse ni Shinchou Sugiru,7.51,355,"457,358",TV,12,Funimation,White Fox,"Action,Adventure,Comedy,Fantasy",NULL,PG-13 - Teens 13 or older
Majo no Takkyuubin,8.22,356,"451,731",Movie,1,"Walt Disney Studios,GKIDS",Studio Ghibli,"Adventure,Comedy,Drama,Fantasy",NULL,G - All Ages
Musaigen no Phantom World,6.87,357,"453,533",TV,13,"Funimation,Crunchyroll",Kyoto Animation,"Action,Comedy,Fantasy,Slice of Life,Supernatural",NULL,PG-13 - Teens 13 or older
Great Pretender,8.3,358,"456,814",TV,23,None found,Wit Studio,"Action,Adventure,Comedy,Mystery",NULL,R - 17+ (violence & profanity)
Zero no Tsukaima: Futatsuki no Kishi,7.44,359,"449,278",TV,12,Sentai Filmworks,J.C.Staff,"Action,Adventure,Comedy,Fantasy,Romance,Ecchi",NULL,PG-13 - Teens 13 or older
Karakai Jouzu no Takagi-san,7.73,360,"452,543",TV,12,Funimation,Shin-Ei Animation,"Comedy,Romance,Slice of Life",Shounen,PG-13 - Teens 13 or older
Ichiban Ushiro no Daimaou,6.81,361,"448,428",TV,12,Sentai Filmworks,Artland,"Action,Comedy,Fantasy,Ecchi",NULL,PG-13 - Teens 13 or older
Inu x Boku SS,7.42,362,"446,418",TV,12,Sentai Filmworks,David Production,"Comedy,Romance,Supernatural",Shounen,PG-13 - Teens 13 or older
Evangelion: 1.0 You Are (Not) Alone,8.03,363,"445,086",Movie,1,Funimation,Khara,"Action,Drama,Sci-Fi",NULL,PG-13 - Teens 13 or older
Hajime no Ippo,8.74,364,"443,903",TV,75,"Discotek Media,Geneon Entertainment USA",Madhouse,"Comedy,Drama,Sports",Shounen,PG-13 - Teens 13 or older
Gake no Ue no Ponyo,7.89,365,"442,160",Movie,1,Walt Disney Studios,Studio Ghibli,"Adventure,Fantasy",NULL,G - All Ages
Full Metal Panic!,7.63,366,"441,097",TV,24,"ADV Films,Funimation",Gonzo,"Action,Comedy,Sci-Fi",NULL,R - 17+ (violence & profanity)
Netoge no Yome wa Onnanoko ja Nai to Omotta?,6.77,367,"441,627",TV,12,Funimation,Project No.9,"Comedy,Romance,Ecchi",NULL,PG-13 - Teens 13 or older
Kizumonogatari I: Tekketsu-hen,8.39,368,"435,885",Movie,1,Aniplex of America,Shaft,NULL,NULL,R - 17+ (violence & profanity)
Tsuki ga Kirei,8.12,369,"436,767",TV,12,"Funimation,Crunchyroll",feel.,NULL,NULL,PG-13 - Teens 13 or older
Seitokai Yakuindomo,7.58,370,"432,541",TV,13,Sentai Filmworks,GoHands,"Comedy,Slice of Life",Shounen,R - 17+ (violence & profanity)
Chobits,7.42,371,"431,422",TV,26,"Funimation,Geneon Entertainment USA",Madhouse,"Comedy,Drama,Romance,Sci-Fi,Ecchi",Seinen,PG-13 - Teens 13 or older
Mayo Chiki!,7.27,372,"431,849",TV,13,Sentai Filmworks,feel.,"Comedy,Romance,Ecchi",NULL,PG-13 - Teens 13 or older
Usagi Drop,8.4,373,"431,077",TV,11,"NIS America,Inc.",Production I.G,NULL,Josei,PG-13 - Teens 13 or older
Sword Art Online: Alicization - War of Underworld 2nd Season,7.44,374,"435,319",TV,11,Aniplex of America,A-1 Pictures,"Action,Adventure,Fantasy,Romance",NULL,R - 17+ (violence & profanity)
Hige wo Soru. Soshite Joshikousei wo Hirou.,7.34,375,"435,378",TV,13,None found,Project No.9,"Drama,Romance",NULL,PG-13 - Teens 13 or older
Ookami to Koushinryou II,8.34,376,"430,004",TV,12,Funimation,"Brain's Base,       Marvy Jack","Adventure,Fantasy,Romance",NULL,PG-13 - Teens 13 or older
Sousei no Onmyouji,7.31,377,"431,515",TV,50,Crunchyroll,Studio Pierrot,"Action,Fantasy,Romance,Supernatural",Shounen,PG-13 - Teens 13 or older
Black Lagoon: The Second Barrage,8.18,378,"428,797",TV,12,"Funimation,Geneon Entertainment USA",Madhouse,NULL,Seinen,R - 17+ (violence & profanity)
Gintama',9.06,379,"428,771",TV,51,None found,Sunrise,"Action,Comedy,Sci-Fi",Shounen,PG-13 - Teens 13 or older
Rurouni Kenshin: Meiji Kenkaku Romantan,8.3,380,"427,098",TV,94,"Media Blasters,Aniplex of America","Gallop,       Studio Deen","Action,Adventure,Comedy,Romance",Shounen,PG-13 - Teens 13 or older
Evangelion: 2.0 You Can (Not) Advance,8.33,381,"427,683",Movie,1,Funimation,Khara,"Action,Drama,Sci-Fi",NULL,PG-13 - Teens 13 or older
Higurashi no Naku Koro ni Kai,8.2,382,"425,675",TV,24,Sentai Filmworks,Studio Deen,"Mystery,Supernatural,Suspense",NULL,R - 17+ (violence & profanity)
Paprika,8.05,383,"425,708",Movie,1,None found,Madhouse,"Avant Garde,Fantasy,Horror,Mystery,Sci-Fi,Suspense",NULL,R+ - Mild Nudity
Sora no Otoshimono,7.31,384,"425,236",TV,13,Funimation,AIC ASTA,"Comedy,Romance,Sci-Fi,Supernatural,Ecchi",Shounen,PG-13 - Teens 13 or older
Durarara!!x2 Shou,8,385,"426,188",TV,12,Aniplex of America,Shuka,"Action,Mystery,Supernatural",NULL,R - 17+ (violence & profanity)
Kenja no Mago,6.59,386,"429,121",TV,12,Funimation,SILVER LINK.,"Action,Comedy,Fantasy,Romance",NULL,PG-13 - Teens 13 or older
Tensei shitara Slime Datta Ken 2nd Season Part 2,8.31,387,"423,172",TV,12,None found,8bit,"Action,Adventure,Comedy,Fantasy",NULL,PG-13 - Teens 13 or older
Tokyo Ravens,7.47,388,"424,319",TV,24,Funimation,8bit,"Action,Comedy,Romance,Supernatural",NULL,PG-13 - Teens 13 or older
Bungou Stray Dogs 3rd Season,8.2,389,"427,388",TV,12,None found,Bones,"Action,Mystery,Supernatural",Seinen,R - 17+ (violence & profanity)
Megalo Box,7.9,390,"422,599",TV,13,VIZ Media,TMS Entertainment,"Action,Drama,Sci-Fi,Sports",NULL,R - 17+ (violence & profanity)
Isekai wa Smartphone to Tomo ni.,6.18,391,"421,541",TV,12,Funimation,Production Reed,"Adventure,Comedy,Fantasy,Romance",NULL,PG-13 - Teens 13 or older
"Yosuga no Sora: In Solitude, Where We Are Least Alone.",6.15,392,"417,417",TV,12,Media Blasters,feel.,"Drama,Romance,Ecchi",NULL,R+ - Mild Nudity
Citrus,6.49,393,"418,295",TV,12,Funimation,Passione,"Drama,Girls Love,Romance",NULL,PG-13 - Teens 13 or older
Jibaku Shounen Hanako-kun,7.83,394,"420,521",TV,12,Funimation,Lerche,"Comedy,Supernatural",Shounen,PG-13 - Teens 13 or older
Dungeon ni Deai wo Motomeru no wa Machigatteiru Darou ka III,7.45,395,"419,083",TV,12,Sentai Filmworks,J.C.Staff,"Action,Adventure,Comedy,Fantasy,Romance",NULL,PG-13 - Teens 13 or older
Hajimete no Gal,6.29,396,"416,522",TV,10,Funimation,NAZ,"Comedy,Romance,Ecchi",Shounen,R+ - Mild Nudity
Kaze no Stigma,7.22,397,"408,232",TV,24,Funimation,Gonzo,"Action,Romance,Supernatural",NULL,PG-13 - Teens 13 or older
Re:Creators,7.56,398,"410,373",TV,22,None found,TROYCA,"Action,Fantasy,Sci-Fi",NULL,R - 17+ (violence & profanity)
Hinamatsuri (TV),8.18,399,"409,318",TV,12,Funimation,feel.,"Comedy,Sci-Fi,Slice of Life,Supernatural",Seinen,PG-13 - Teens 13 or older
Owarimonogatari,8.46,400,"409,177",TV,12,Aniplex of America,Shaft,"Comedy,Mystery,Supernatural",NULL,R - 17+ (violence & profanity)
Magi: Sinbad no Bouken (TV),7.87,401,"407,558",TV,13,None found,Lay-duce,"Action,Adventure,Fantasy",Shounen,PG-13 - Teens 13 or older
Toaru Majutsu no Index II,7.57,402,"404,629",TV,24,Funimation,J.C.Staff,"Action,Sci-Fi",NULL,R - 17+ (violence & profanity)
Maoyuu Maou Yuusha,7.27,403,"405,220",TV,12,Sentai Filmworks,Arms,"Adventure,Fantasy,Romance",NULL,PG-13 - Teens 13 or older
Kaifuku Jutsushi no Yarinaoshi,6.31,404,"410,232",TV,12,Sentai Filmworks,TNK,"Adventure,Drama,Fantasy,Ecchi",NULL,R+ - Mild Nudity
Mekakucity Actors,7.05,405,"404,187",TV,12,Aniplex of America,Shaft,"Comedy,Sci-Fi,Supernatural",NULL,PG-13 - Teens 13 or older
Aho Girl,6.83,406,"405,948",TV,12,None found,Diomedéa,"Comedy,Romance",Shounen,PG-13 - Teens 13 or older
Hentai Ouji to Warawanai Neko.,7.2,407,"403,314",TV,12,Sentai Filmworks,J.C.Staff,"Comedy,Romance,Supernatural",NULL,PG-13 - Teens 13 or older
Sora yori mo Tooi Basho,8.55,408,"404,648",TV,13,None found,Madhouse,"Adventure,Comedy,Drama",NULL,PG-13 - Teens 13 or older
Boku no Hero Academia the Movie 2: Heroes:Rising,8.05,409,"406,426",Movie,1,Funimation,Bones,NULL,Shounen,PG-13 - Teens 13 or older
Shingeki no Kyojin: Kuinaki Sentaku,8.41,410,"403,753",OVA,2,None found,Wit Studio,"Action,Fantasy",Shoujo,R - 17+ (violence & profanity)
Darwin's Game,7.27,411,"406,262",TV,11,Aniplex of America,Nexus,"Action,Mystery,Sci-Fi",Shounen,R - 17+ (violence & profanity)
Zombieland Saga,7.52,412,"402,655",TV,12,Funimation,MAPPA,"Comedy,Supernatural",NULL,R - 17+ (violence & profanity)
Koukyoushihen Eureka Seven,8.07,413,"399,016",TV,50,"Funimation,Bandai Entertainment",Bones,"Adventure,Drama,Romance,Sci-Fi",NULL,PG-13 - Teens 13 or older
Zero no Tsukaima: Princesses no Rondo,7.36,414,"398,661",TV,12,Sentai Filmworks,J.C.Staff,"Action,Adventure,Comedy,Fantasy,Romance,Ecchi",NULL,PG-13 - Teens 13 or older
Given,8.35,415,"404,171",TV,11,None found,Lerche,"Boys Love,Drama,Romance,Slice of Life",NULL,PG-13 - Teens 13 or older
Fate/Apocrypha,7.17,416,"399,020",TV,25,Aniplex of America,A-1 Pictures,"Action,Drama,Fantasy,Supernatural",NULL,R - 17+ (violence & profanity)
Love Live! School Idol Project,7.42,417,"396,862",TV,13,"NIS America,Inc.",Sunrise,NULL,NULL,PG-13 - Teens 13 or older
Fairy Tail: Final Series,7.53,418,"396,909",TV,51,Funimation,"A-1 Pictures,       Bridge,       CloverWorks","Action,Adventure,Comedy,Fantasy",Shounen,PG-13 - Teens 13 or older
Ookami Shoujo to Kuro Ouji,7.1,419,"395,452",TV,12,Sentai Filmworks,TYO Animations,"Comedy,Romance",Shoujo,PG-13 - Teens 13 or older
Chihayafuru,8.21,420,"393,237",TV,25,Sentai Filmworks,Madhouse,"Drama,Slice of Life,Sports",Josei,PG-13 - Teens 13 or older
Death March kara Hajimaru Isekai Kyousoukyoku,6.49,421,"394,437",TV,12,Funimation,"SILVER LINK.,       Connect","Adventure,Fantasy",NULL,PG-13 - Teens 13 or older
Tenkuu no Shiro Laputa,8.28,422,"390,000",Movie,1,"Walt Disney Studios,GKIDS",Studio Ghibli,"Adventure,Fantasy,Romance,Sci-Fi",NULL,PG - Children
Ore no Imouto ga Konnani Kawaii Wake ga Nai.,6.99,423,"390,232",TV,13,Aniplex of America,A-1 Pictures,"Comedy,Romance,Slice of Life",NULL,PG-13 - Teens 13 or older
Shirobako,8.32,424,"391,245",TV,24,Sentai Filmworks,P.A. Works,"Comedy,Drama",NULL,PG-13 - Teens 13 or older
Pandora Hearts,7.69,425,"389,384",TV,25,"NIS America,Inc.",Xebec,"Adventure,Fantasy,Mystery,Supernatural",Shounen,PG-13 - Teens 13 or older
Gabriel DropOut,7.47,426,"390,206",TV,12,None found,Doga Kobo,"Comedy,Supernatural",Shounen,PG-13 - Teens 13 or older
Working!!,7.67,427,"387,737",TV,13,"NIS America,Inc.",A-1 Pictures,"Comedy,Romance,Slice of Life",Seinen,PG-13 - Teens 13 or older
High School DxD Hero,7.26,428,"389,685",TV,12,Funimation,Passione,"Action,Comedy,Romance,Ecchi",NULL,R+ - Mild Nudity
Net-juu no Susume,7.59,429,"385,791",ONA,10,Funimation,Signal.MD,"Comedy,Romance",NULL,PG-13 - Teens 13 or older
Shokugeki no Souma: Gou no Sara,7.33,430,"388,561",TV,13,None found,J.C.Staff,"Gourmet,Ecchi",Shounen,PG-13 - Teens 13 or older
Dagashi Kashi,6.61,431,"385,235",TV,12,Funimation,feel.,"Comedy,Gourmet,Slice of Life",Shounen,PG-13 - Teens 13 or older
Boruto: Naruto the Movie,7.45,432,"385,038",Movie,1,VIZ Media,Studio Pierrot,"Action,Comedy",Shounen,PG-13 - Teens 13 or older
86,8.2,433,"395,406",TV,11,None found,A-1 Pictures,"Action,Drama,Sci-Fi",NULL,R - 17+ (violence & profanity)
Kimi ni Todoke 2nd Season,8,434,"381,077",TV,12,"NIS America,Inc.",Production I.G,"Drama,Romance,Slice of Life",Shoujo,PG-13 - Teens 13 or older
Gakkougurashi!,7.62,435,"381,433",TV,12,Sentai Filmworks,Lerche,"Horror,Mystery,Slice of Life",NULL,R - 17+ (violence & profanity)
Dorohedoro,8.08,436,"384,052",TV,12,Netflix,MAPPA,"Action,Comedy,Fantasy,Horror",Seinen,R - 17+ (violence & profanity)
Ishuzoku Reviewers,7.5,437,"381,542",TV,12,None found,Passione,"Comedy,Fantasy,Ecchi",NULL,R+ - Mild Nudity
Steins Gate: Oukoubakko no Poriomania,8.31,438,"379,466",Special,1,Funimation,White Fox,"Comedy,Sci-Fi",NULL,PG-13 - Teens 13 or older
Hibike! Euphonium,8,439,"380,502",TV,13,Ponycan USA,Kyoto Animation,NULL,NULL,PG-13 - Teens 13 or older
Yuru Camp△,8.27,440,"380,389",TV,12,None found,C-Station,"Comedy,Slice of Life",NULL,PG-13 - Teens 13 or older
No.6,7.57,441,"377,018",TV,11,Sentai Filmworks,Bones,"Action,Drama,Mystery,Sci-Fi",NULL,R - 17+ (violence & profanity)
Darker than Black: Ryuusei no Gemini,7.45,442,"375,952",TV,12,Funimation,Bones,"Action,Mystery,Sci-Fi",NULL,R - 17+ (violence & profanity)
Cardcaptor Sakura,8.15,443,"373,679",TV,70,"Nelvana,NIS America,Inc.,Geneon Entertainment USA",Madhouse,"Adventure,Comedy,Drama,Fantasy,Romance",Shoujo,PG - Children
Tanaka-kun wa Itsumo Kedaruge,7.87,444,"376,067",TV,12,Sentai Filmworks,SILVER LINK.,"Comedy,Slice of Life",NULL,PG-13 - Teens 13 or older
New Game!,7.59,445,"374,880",TV,12,"Funimation,Crunchyroll",Doga Kobo,"Comedy,Slice of Life",NULL,PG-13 - Teens 13 or older
Rosario to Vampire Capu2,6.94,446,"372,108",TV,13,Funimation,Gonzo,"Comedy,Fantasy,Romance,Ecchi",NULL,PG-13 - Teens 13 or older
Hanamonogatari,7.96,447,"371,627",TV,5,Aniplex of America,Shaft,"Comedy,Mystery,Supernatural",NULL,R - 17+ (violence & profanity)
Kizumonogatari III: Reiketsu-hen,8.81,448,"370,907",Movie,1,Aniplex of America,Shaft,"Action,Mystery,Supernatural",NULL,R - 17+ (violence & profanity)
Dungeon ni Deai wo Motomeru no wa Machigatteiru Darou ka Gaiden: Sword Oratoria,7.05,449,"368,525",TV,12,Sentai Filmworks,J.C.Staff,"Action,Adventure,Fantasy",NULL,PG-13 - Teens 13 or older
Shingeki no Kyojin OVA,7.85,450,"366,872",OVA,3,None found,Wit Studio,"Action,Drama,Fantasy",Shounen,R - 17+ (violence & profanity)
Zero no Tsukaima F,7.48,451,"365,536",TV,12,Sentai Filmworks,J.C.Staff,"Adventure,Fantasy,Romance,Ecchi",NULL,PG-13 - Teens 13 or older
Gakusen Toshi Asterisk 2nd Season,7.04,452,"366,616",TV,12,Aniplex of America,A-1 Pictures,"Comedy,Fantasy,Romance,Sci-Fi,Supernatural,Ecchi",NULL,PG-13 - Teens 13 or older
SK∞,8.04,453,"370,889",TV,12,Aniplex of America,Bones,"Comedy,Sports",NULL,PG-13 - Teens 13 or older
Kara no Kyoukai 1: Fukan Fuukei,7.61,454,"364,083",Movie,1,Aniplex of America,ufotable,"Action,Mystery,Supernatural,Suspense",NULL,R - 17+ (violence & profanity)
"Ore no Nounai Sentakushi ga, Gakuen Love Comedy wo Zenryoku de Jama Shiteiru",7.21,455,"364,036",TV,10,Sentai Filmworks,Diomedéa,"Comedy,Romance",NULL,PG-13 - Teens 13 or older
"Dakara Boku wa, H ga Dekinai.",6.59,456,"364,133",TV,12,Sentai Filmworks,feel.,"Comedy,Romance,Supernatural,Ecchi",NULL,R+ - Mild Nudity
Yojouhan Shinwa Taikei,8.59,457,"364,087",TV,11,Funimation,Madhouse,"Comedy,Mystery,Romance",NULL,R - 17+ (violence & profanity)
Kobayashi-san Chi no Maid Dragon S,8.47,458,"362,294",TV,12,None found,Kyoto Animation,"Comedy,Fantasy,Slice of Life",NULL,PG-13 - Teens 13 or older
Watashi ga Motete Dousunda,7.04,459,"365,361",TV,12,"Funimation,Crunchyroll",Brain's Base,"Comedy,Romance",Shoujo,PG-13 - Teens 13 or older
Gleipnir,7.02,460,"365,360",TV,13,Funimation,Pine Jam,"Action,Mystery,Supernatural,Ecchi",Seinen,R - 17+ (violence & profanity)
Itai no wa Iya nano de Bougyoryoku ni Kyokufuri Shitai to Omoimasu.,7.56,461,"366,418",TV,12,Funimation,SILVER LINK.,"Action,Adventure,Comedy,Fantasy,Sci-Fi",NULL,PG-13 - Teens 13 or older
Non Non Biyori,7.95,462,"361,659",TV,12,Sentai Filmworks,SILVER LINK.,"Comedy,Slice of Life",Seinen,PG-13 - Teens 13 or older
Kizumonogatari II: Nekketsu-hen,8.6,463,"363,095",Movie,1,Aniplex of America,Shaft,"Action,Mystery,Supernatural",NULL,R - 17+ (violence & profanity)
Shingeki no Bahamut: Genesis,7.65,464,"360,782",TV,12,Funimation,MAPPA,"Action,Adventure,Fantasy,Supernatural",NULL,R - 17+ (violence & profanity)
Inou-Battle wa Nichijou-kei no Naka de,7.1,465,"362,083",TV,12,Sentai Filmworks,Trigger,"Comedy,Romance,Slice of Life,Supernatural",NULL,PG-13 - Teens 13 or older
Tsukimonogatari,8.12,466,"361,580",TV,4,Aniplex of America,Shaft,"Comedy,Mystery,Supernatural,Ecchi",NULL,R - 17+ (violence & profanity)
Sekirei,7.08,467,"359,686",TV,12,Funimation,Seven Arcs,"Action,Comedy,Ecchi",NULL,R+ - Mild Nudity
Free!: Eternal Summer,7.65,468,"359,779",TV,13,Funimation,"Kyoto Animation,       Animation Do","Comedy,Drama,Slice of Life,Sports",NULL,PG-13 - Teens 13 or older
Shingeki no Kyojin: The Final Season Part 2,N/A,469,"357,678",TV,Unknown,None found,MAPPA,"Action,Drama,Fantasy,Mystery",Shounen,R - 17+ (violence & profanity)
Asobi Asobase,8.19,470,"360,744",TV,12,None found,Lerche,NULL,Seinen,PG-13 - Teens 13 or older
Hagure Yuusha no Aesthetica,6.82,471,"357,981",TV,12,Funimation,Arms,"Action,Fantasy,Ecchi",NULL,R+ - Mild Nudity
Demi-chan wa Kataritai,7.58,472,"359,058",TV,12,"Funimation,Crunchyroll",A-1 Pictures,"Comedy,Fantasy",Seinen,PG-13 - Teens 13 or older
Houseki no Kuni (TV),8.4,473,"358,442",TV,12,Sentai Filmworks,Orange,"Action,Drama,Fantasy,Mystery",Seinen,PG-13 - Teens 13 or older
Digimon Adventure,7.77,474,"355,569",TV,54,"Saban Entertainment,Flatiron Film Company",Toei Animation,"Action,Adventure,Comedy,Fantasy",Kids,PG - Children
Kekkai Sensen & Beyond,7.83,475,"355,320",TV,12,Funimation,Bones,"Action,Comedy,Fantasy,Supernatural",Shounen,R - 17+ (violence & profanity)
Koukaku Kidoutai: Stand Alone Complex,8.43,476,"351,377",TV,26,"Bandai Entertainment,Manga Entertainment",Production I.G,"Action,Sci-Fi",Seinen,R - 17+ (violence & profanity)
Tamako Market,7.39,477,"351,893",TV,12,Sentai Filmworks,Kyoto Animation,"Comedy,Slice of Life",NULL,PG-13 - Teens 13 or older
Bakemono no Ko,8.29,478,"352,677",Movie,1,Funimation,Studio Chizu,"Adventure,Supernatural",NULL,PG-13 - Teens 13 or older
Kami nomi zo Shiru Sekai II,7.91,479,"350,550",TV,12,Sentai Filmworks,Manglobe,"Comedy,Romance,Supernatural",Shounen,PG-13 - Teens 13 or older
Grisaia no Rakuen,7.81,480,"351,411",TV,10,Sentai Filmworks,8bit,"Drama,Romance",NULL,R+ - Mild Nudity
B-gata H-kei,6.9,481,"348,611",TV,12,Funimation,Hal Film Maker,"Comedy,Romance,Ecchi",Seinen,PG-13 - Teens 13 or older
Tate no Yuusha no Nariagari Season 2,N/A,482,"353,836",TV,Unknown,None found,"Kinema Citrus,       DR Movie","Action,Adventure,Drama,Fantasy",NULL,PG-13 - Teens 13 or older
Ore wo Suki nano wa Omae dake ka yo,7.35,483,"350,699",TV,12,Aniplex of America,Connect,"Comedy,Romance",NULL,PG-13 - Teens 13 or older
Tasogare Otome x Amnesia,7.84,484,"348,422",TV,12,Sentai Filmworks,SILVER LINK.,"Horror,Mystery,Romance,Supernatural",Shounen,R - 17+ (violence & profanity)
Durarara!!x2 Ten,7.99,485,"347,830",TV,12,Aniplex of America,Shuka,"Action,Mystery,Supernatural",NULL,R - 17+ (violence & profanity)
Kore wa Zombie Desu ka? of the Dead,7.53,486,"346,567",TV,10,Funimation,Studio Deen,"Action,Comedy,Supernatural,Ecchi",NULL,R - 17+ (violence & profanity)
Fate/stay night Movie: Heaven's Feel - I. Presage Flower,8.22,487,"349,386",Movie,1,Aniplex of America,ufotable,"Action,Fantasy,Supernatural",NULL,R - 17+ (violence & profanity)
D-Frag!,7.54,488,"345,635",TV,12,Funimation,Brain's Base,NULL,Seinen,PG-13 - Teens 13 or older
IS: Infinite Stratos 2,6.5,489,"341,610",TV,12,Sentai Filmworks,8bit,"Action,Comedy,Sci-Fi,Ecchi",NULL,PG-13 - Teens 13 or older
Keijo!!!!!!!!,6.97,490,"342,155",TV,12,Funimation,Xebec,"Action,Sports,Ecchi",Shounen,PG-13 - Teens 13 or older
Blood+,7.64,491,"340,239",TV,50,Sony Pictures Entertainment,Production I.G,"Action,Drama,Horror,Mystery,Supernatural",NULL,R - 17+ (violence & profanity)
Rainbow: Nisha Rokubou no Shichinin,8.5,492,"340,300",TV,26,Funimation,Madhouse,"Drama,Suspense",Seinen,R - 17+ (violence & profanity)
Kuroshitsuji: Book of Circus,8.09,493,"340,404",TV,10,Funimation,A-1 Pictures,"Action,Comedy,Mystery,Supernatural",Shounen,R - 17+ (violence & profanity)
Mikakunin de Shinkoukei,7.41,494,"340,255",TV,12,Sentai Filmworks,Doga Kobo,"Comedy,Romance,Slice of Life",NULL,PG-13 - Teens 13 or older
Baka to Test to Shoukanjuu Ni!,7.72,495,"339,143",TV,13,Funimation,SILVER LINK.,"Comedy,Romance",NULL,PG-13 - Teens 13 or older
Campione!: Matsurowanu Kamigami to Kamigoroshi no Maou,6.99,496,"339,719",TV,13,Sentai Filmworks,Diomedéa,"Comedy,Fantasy,Romance,Ecchi",NULL,PG-13 - Teens 13 or older
Evangelion: 3.0 You Can (Not) Redo,7.61,497,"340,341",Movie,1,Funimation,Khara,"Action,Drama,Sci-Fi",NULL,PG-13 - Teens 13 or older
Ano Natsu de Matteru,7.45,498,"338,667",TV,12,Sentai Filmworks,J.C.Staff,"Comedy,Drama,Romance,Sci-Fi,Slice of Life",NULL,PG-13 - Teens 13 or older
Bokutachi wa Benkyou ga Dekinai,7.31,499,"340,803",TV,13,Aniplex of America,"Silver,       Arvo Animation","Comedy,Romance",Shounen,PG-13 - Teens 13 or older
Bokura wa Minna Kawai-sou,7.69,500,"337,177",TV,12,Sentai Filmworks,Brain's Base,"Comedy,Romance,Slice of Life",Seinen,PG-13 - Teens 13 or older
Hidan no Aria,6.84,501,"336,535",TV,12,Funimation,J.C.Staff,"Action,Comedy,Romance",NULL,PG-13 - Teens 13 or older
Hitsugi no Chaika,7.25,503,"336,076",TV,12,Sentai Filmworks,Bones,"Action,Adventure,Comedy,Fantasy,Romance",NULL,R - 17+ (violence & profanity)
"Komi-san wa, Comyushou desu.",8.41,502,"335,379",TV,Unknown,None found,OLM,"Comedy,Slice of Life",Shounen,PG-13 - Teens 13 or older
Yu☆Gi☆Oh! Duel Monsters,7.46,504,"333,756",TV,224,"4Kids Entertainment,Flatiron Film Company",Gallop,"Action,Adventure,Fantasy",Shounen,PG-13 - Teens 13 or older
Mousou Dairinin,7.68,505,"333,906",TV,13,"Funimation,Geneon Entertainment USA",Madhouse,"Avant Garde,Drama,Mystery,Supernatural,Suspense",NULL,R+ - Mild Nudity
Toaru Kagaku no Railgun S,8.04,506,"332,883",TV,24,Funimation,J.C.Staff,"Action,Sci-Fi",NULL,R - 17+ (violence & profanity)
Fruits Basket 2nd Season,8.58,507,"336,750",TV,25,Funimation,TMS Entertainment,"Comedy,Drama,Romance,Slice of Life,Supernatural",Shoujo,PG-13 - Teens 13 or older
Durarara!!x2 Ketsu,8.08,508,"332,218",TV,12,Aniplex of America,Shuka,"Action,Mystery,Supernatural",NULL,R - 17+ (violence & profanity)
Koi to Uso,6.53,509,"332,917",TV,12,Sentai Filmworks,LIDENFILMS,"Drama,Romance",NULL,PG-13 - Teens 13 or older
Vampire Knight: Guilty,7.16,510,"330,760",TV,13,VIZ Media,Studio Deen,"Drama,Mystery,Romance,Supernatural",Shoujo,PG-13 - Teens 13 or older
Arslan Senki (TV),7.69,511,"331,691",TV,25,Funimation,"SANZIGEN,       LIDENFILMS","Action,Adventure,Drama,Fantasy",Shounen,R - 17+ (violence & profanity)
Uzaki-chan wa Asobitai!,7.01,512,"333,877",TV,12,Funimation,ENGI,"Comedy,Romance,Slice of Life,Ecchi",NULL,PG-13 - Teens 13 or older
Kyokou Suiri,6.92,513,"332,738",TV,12,None found,Brain's Base,"Mystery,Romance,Supernatural",Shounen,R - 17+ (violence & profanity)
Vivy: Fluorite Eye's Song,8.5,514,"336,949",TV,13,Aniplex of America,Wit Studio,"Action,Sci-Fi,Suspense",NULL,R - 17+ (violence & profanity)
Special A,7.53,515,"327,796",TV,24,Sentai Filmworks,"Gonzo,       AIC","Comedy,Romance",Shoujo,PG-13 - Teens 13 or older
Otome Game no Hametsu Flag shika Nai Akuyaku Reijou ni Tensei shiteshimatta...,7.5,516,"330,839",TV,12,Crunchyroll,SILVER LINK.,"Comedy,Drama,Fantasy,Romance",Shoujo,PG-13 - Teens 13 or older
Amagami SS,7.32,517,"326,639",TV,25,Sentai Filmworks,AIC,"Comedy,Romance,Slice of Life",NULL,PG-13 - Teens 13 or older
Kono Subarashii Sekai ni Shukufuku wo!: Kono Subarashii Choker ni Shukufuku wo!,7.86,518,"328,128",OVA,1,Discotek Media,Studio Deen,"Adventure,Comedy,Fantasy,Supernatural",NULL,PG-13 - Teens 13 or older
Saijaku Muhai no Bahamut,6.57,519,"327,439",TV,12,Sentai Filmworks,Lerche,"Action,Fantasy,Romance,Supernatural,Ecchi",NULL,PG-13 - Teens 13 or older
Shaman King,7.77,520,"324,774",TV,64,"4Kids Entertainment,Discotek Media",Xebec,"Action,Adventure,Comedy,Supernatural",Shounen,PG-13 - Teens 13 or older
Shinmai Maou no Testament Burst,6.85,521,"326,871",TV,10,"Funimation,Crunchyroll",Production IMS,"Action,Fantasy,Romance,Ecchi",NULL,R+ - Mild Nudity
Panty & Stocking with Garterbelt,7.72,522,"324,814",TV,13,Funimation,Gainax,"Action,Comedy,Supernatural,Ecchi",NULL,R - 17+ (violence & profanity)
Violet Evergarden Movie,8.94,523,"338,829",Movie,1,Funimation,Kyoto Animation,"Drama,Fantasy,Slice of Life",NULL,PG-13 - Teens 13 or older
Corpse Party: Tortured Souls - Bougyakusareta Tamashii no Jukyou,6.5,524,"323,778",OVA,4,Maiden Japan,asread.,"Horror,Mystery,Supernatural",NULL,R - 17+ (violence & profanity)
Sakamichi no Apollon,8.34,525,"323,484",TV,12,Sentai Filmworks,"Tezuka Productions,       MAPPA","Drama,Romance",Josei,PG-13 - Teens 13 or older
World Trigger,7.58,526,"327,484",TV,73,Sentai Filmworks,Toei Animation,"Action,Sci-Fi,Supernatural",Shounen,PG-13 - Teens 13 or older
Isekai Quartet,7.42,527,"324,028",TV,12,Funimation,Studio PuYUKAI,"Comedy,Fantasy",NULL,PG-13 - Teens 13 or older
3-gatsu no Lion 2nd Season,8.97,528,"324,163",TV,22,Aniplex of America,Shaft,"Drama,Slice of Life",Seinen,PG-13 - Teens 13 or older
Mushoku Tensei: Isekai Ittara Honki Dasu Part 2,8.63,529,"320,848",TV,12,Funimation,Studio Bind,"Drama,Fantasy,Ecchi",NULL,R - 17+ (violence & profanity)
Owarimonogatari 2nd Season,8.91,530,"323,016",TV,7,Aniplex of America,Shaft,"Comedy,Mystery,Supernatural",NULL,R - 17+ (violence & profanity)
Shuumatsu Nani Shitemasu ka? Isogashii Desu ka? Sukutte Moratte Ii Desu ka?,7.7,531,"323,136",TV,12,Funimation,"Satelight,       C2C","Drama,Fantasy,Romance,Sci-Fi",NULL,PG-13 - Teens 13 or older
Black★Rock Shooter (TV),6.83,532,"320,195",TV,8,Discotek Media,"Ordet,       SANZIGEN","Action,Drama",NULL,PG-13 - Teens 13 or older
To LOVE-Ru Darkness,7.46,533,"319,863",TV,12,Sentai Filmworks,Xebec,"Comedy,Romance,Sci-Fi,Ecchi",Shounen,R+ - Mild Nudity
Mahou Shoujo Madoka★Magica Movie 3: Hangyaku no Monogatari,8.46,534,"319,119",Movie,1,Aniplex of America,Shaft,"Drama,Mystery,Suspense",NULL,PG-13 - Teens 13 or older
Air Gear,7.51,535,"317,907",TV,25,"ADV Films,Funimation",Toei Animation,"Action,Comedy,Sports,Ecchi",Shounen,R+ - Mild Nudity
Bishoujo Senshi Sailor Moon,7.69,536,"318,064",TV,46,"ADV Films,VIZ Media,DiC Entertainment",Toei Animation,NULL,Shoujo,PG-13 - Teens 13 or older
Ping Pong the Animation,8.62,537,"317,351",TV,11,Funimation,Tatsunoko Production,"Drama,Sports",Seinen,PG-13 - Teens 13 or older
Sayonara no Asa ni Yakusoku no Hana wo Kazarou,8.43,538,"318,971",Movie,1,Eleven Arts,P.A. Works,"Drama,Fantasy",NULL,PG-13 - Teens 13 or older
Seireitsukai no Blade Dance,6.75,539,"315,978",TV,12,Sentai Filmworks,TNK,"Action,Comedy,Fantasy,Romance,Supernatural,Ecchi",NULL,PG-13 - Teens 13 or older
Arakawa Under the Bridge,7.58,540,"315,258",TV,13,"NIS America,Inc.",Shaft,"Comedy,Romance",Seinen,PG-13 - Teens 13 or older
Mirai Nikki: Redial,7.34,541,"315,401",OVA,1,Funimation,asread.,"Action,Supernatural",Shounen,R - 17+ (violence & profanity)
Dragon Ball Kai,7.71,542,"315,113",TV,97,Funimation,Toei Animation,"Action,Adventure,Comedy,Fantasy",Shounen,PG-13 - Teens 13 or older
Bakuman. 2nd Season,8.37,543,"314,577",TV,25,Media Blasters,J.C.Staff,"Comedy,Drama,Romance",Shounen,PG-13 - Teens 13 or older
Afro Samurai,7.36,544,"314,237",TV,5,Funimation,Gonzo,"Action,Adventure",NULL,R+ - Mild Nudity
Haiyore! Nyaruko-san,7.03,545,"314,114",TV,12,"NIS America,Inc.",Xebec,"Comedy,Sci-Fi",NULL,PG-13 - Teens 13 or older
Quanzhi Gaoshou,7.93,546,"314,698",ONA,12,None found,B.CMAY PICTURES,NULL,NULL,PG-13 - Teens 13 or older
Jigoku Shoujo,7.63,547,"313,098",TV,26,Funimation,Studio Deen,"Horror,Mystery,Supernatural",NULL,R - 17+ (violence & profanity)
Gantz,7.02,548,"312,819",TV,13,"ADV Films,Funimation",Gonzo,"Action,Drama,Horror,Sci-Fi,Supernatural,Ecchi",NULL,R+ - Mild Nudity
Beastars 2nd Season,7.92,549,"316,858",TV,12,None found,Orange,"Drama,Slice of Life",Shounen,R - 17+ (violence & profanity)
Fugou Keiji: Balance:Unlimited,7.54,550,"314,956",TV,11,Aniplex of America,CloverWorks,"Comedy,Mystery",NULL,PG-13 - Teens 13 or older
Hundred,6.33,551,"312,723",TV,12,"Funimation,Crunchyroll",Production IMS,"Action,Romance,Sci-Fi,Ecchi",NULL,PG-13 - Teens 13 or older
Cowboy Bebop: Tengoku no Tobira,8.38,552,"310,086",Movie,1,Sony Pictures Entertainment,Bones,"Action,Drama,Mystery,Sci-Fi",NULL,R - 17+ (violence & profanity)
Kaze no Tani no Nausicaä,8.38,553,"309,719",Movie,1,"Walt Disney Studios,GKIDS",Topcraft,"Adventure,Fantasy",NULL,PG-13 - Teens 13 or older
Outbreak Company,7.24,554,"310,172",TV,12,Sentai Filmworks,feel.,"Comedy,Fantasy",NULL,PG-13 - Teens 13 or older
Busou Shoujo Machiavellianism,6.92,555,"310,517",TV,12,Sentai Filmworks,"SILVER LINK.,       Connect","Action,Comedy",Shounen,PG-13 - Teens 13 or older
Sayonara Zetsubou Sensei,7.88,556,"308,230",TV,12,"Nozomi Entertainment,Media Blasters",Shaft,NULL,Shounen,R - 17+ (violence & profanity)
Mairimashita! Iruma-kun,7.73,557,"310,879",TV,23,None found,Bandai Namco Pictures,"Comedy,Fantasy,Supernatural",Shounen,PG-13 - Teens 13 or older
Tamako Love Story,7.96,558,"306,907",Movie,1,Sentai Filmworks,Kyoto Animation,"Comedy,Romance,Slice of Life",NULL,PG-13 - Teens 13 or older
Renai Boukun,6.66,559,"307,221",TV,12,Funimation,EMT Squared,"Comedy,Romance,Supernatural,Ecchi",NULL,PG-13 - Teens 13 or older
Yuru Yuri,7.58,560,"303,773",TV,12,"NIS America,Inc.",Doga Kobo,"Comedy,Girls Love,Slice of Life",NULL,PG-13 - Teens 13 or older
Danna ga Nani wo Itteiru ka Wakaranai Ken,7.33,561,"303,724",TV,13,None found,Seven,"Comedy,Romance,Slice of Life",Seinen,PG-13 - Teens 13 or older
Redline,8.29,562,"302,708",Movie,1,Anchor Bay Films,Madhouse,"Action,Sci-Fi,Sports",NULL,R+ - Mild Nudity
Kamisama Hajimemashita◎,8.18,563,"304,455",TV,12,Funimation,TMS Entertainment,"Comedy,Fantasy,Romance,Supernatural",Shoujo,PG-13 - Teens 13 or older
Suisei no Gargantia,7.48,564,"301,824",TV,13,VIZ Media,Production I.G,"Action,Adventure,Sci-Fi",NULL,PG-13 - Teens 13 or older
Gokukoku no Brynhildr,6.89,565,"301,675",TV,13,Sentai Filmworks,Arms,"Drama,Mystery,Sci-Fi",Seinen,R+ - Mild Nudity
Akudama Drive,7.65,566,"305,691",TV,12,Funimation,Studio Pierrot,"Action,Sci-Fi",NULL,R - 17+ (violence & profanity)
Kami nomi zo Shiru Sekai: Megami-hen,8.04,567,"300,621",TV,12,Sentai Filmworks,Manglobe,"Comedy,Romance,Supernatural",Shounen,PG-13 - Teens 13 or older
Space☆Dandy,7.88,568,"300,533",TV,13,Funimation,Bones,"Comedy,Sci-Fi",NULL,PG-13 - Teens 13 or older
Jormungand,7.82,569,"300,375",TV,12,Funimation,White Fox,"Action,Adventure",Seinen,R+ - Mild Nudity
Fullmetal Alchemist: The Conqueror of Shamballa,7.54,570,"298,676",Movie,1,Funimation,Bones,"Comedy,Drama,Fantasy",Shounen,PG-13 - Teens 13 or older
Blood-C,6.53,571,"300,306",TV,12,Funimation,Production I.G,"Action,Horror,Mystery,Supernatural",NULL,R - 17+ (violence & profanity)
Dumbbell Nan Kilo Moteru?,7.3,572,"299,736",TV,12,Funimation,Doga Kobo,"Comedy,Slice of Life,Sports,Ecchi",NULL,PG-13 - Teens 13 or older
Danganronpa 3: The End of Kibougamine Gakuen - Mirai-hen,7.29,573,"298,361",TV,12,Funimation,Lerche,"Action,Horror,Mystery",NULL,R - 17+ (violence & profanity)
Phantom: Requiem for the Phantom,7.98,574,"296,772",TV,26,Funimation,Bee Train,"Action,Drama,Suspense",Seinen,R - 17+ (violence & profanity)
School Rumble,7.91,575,"296,192",TV,26,Funimation,Studio Comet,"Comedy,Romance",Shounen,PG-13 - Teens 13 or older
Kotoura-san,7.19,576,"296,592",TV,12,"NIS America,Inc.",AIC Classic,"Comedy,Drama,Romance",NULL,PG-13 - Teens 13 or older
Hanasaku Iroha,7.93,577,"296,153",TV,26,"NIS America,Inc.",P.A. Works,"Comedy,Drama,Slice of Life",NULL,PG-13 - Teens 13 or older
Berserk,6.31,578,"297,340",TV,12,"Funimation,Crunchyroll","Millepensee,       GEMBA","Action,Adventure,Drama,Fantasy,Horror,Supernatural",Seinen,R+ - Mild Nudity
Madan no Ou to Vanadis,7.14,579,"296,944",TV,13,Funimation,Satelight,"Adventure,Fantasy,Romance,Ecchi",NULL,R - 17+ (violence & profanity)
Akagami no Shirayuki-hime 2nd Season,7.98,580,"297,076",TV,12,Funimation,Bones,"Drama,Fantasy,Romance",Shoujo,PG-13 - Teens 13 or older
ReLIFE: Kanketsu-hen,8.21,581,"297,240",Special,4,Funimation,TMS Entertainment,"Romance,Slice of Life",NULL,PG-13 - Teens 13 or older
Shelter (Music),8.32,582,"294,808",Music,1,Crunchyroll,A-1 Pictures,NULL,NULL,G - All Ages
Golden Boy,8.02,583,"293,711",OVA,6,"ADV Films,Media Blasters,Discotek Media",APPP,"Adventure,Comedy,Ecchi",NULL,R+ - Mild Nudity
Diabolik Lovers,5.24,584,"294,380",TV,12,Sentai Filmworks,Zexcs,NULL,Shoujo,R - 17+ (violence & profanity)
Kono Subarashii Sekai ni Shukufuku wo! 2: Kono Subarashii Geijutsu ni Shukufuku wo!,8.05,585,"295,323",OVA,1,Discotek Media,Studio Deen,"Adventure,Comedy,Fantasy,Supernatural",NULL,PG-13 - Teens 13 or older
Seto no Hanayome,7.71,586,"292,890",TV,26,Funimation,"Gonzo,       AIC","Comedy,Romance",Shounen,PG-13 - Teens 13 or older
Bakuman. 3rd Season,8.56,587,"293,414",TV,25,None found,J.C.Staff,"Comedy,Drama,Romance",Shounen,PG-13 - Teens 13 or older
Wolf's Rain,7.81,588,"292,538",TV,26,"Funimation,Bandai Entertainment",Bones,"Action,Adventure,Drama,Fantasy,Mystery,Sci-Fi",NULL,PG-13 - Teens 13 or older
Ben-To,7.24,589,"292,290",TV,12,Funimation,David Production,"Action,Comedy,Gourmet",NULL,PG-13 - Teens 13 or older
Saenai Heroine no Sodatekata ♭,7.78,590,"293,857",TV,11,None found,A-1 Pictures,"Comedy,Romance,Ecchi",NULL,PG-13 - Teens 13 or older
Tales of Zestiria the Cross,7.27,591,"290,810",TV,12,Funimation,ufotable,"Action,Adventure,Fantasy",NULL,PG-13 - Teens 13 or older
Plunderer,6.55,592,"293,151",TV,24,Funimation,GEEK TOYS,"Action,Fantasy,Ecchi",Shounen,PG-13 - Teens 13 or older
Detective Conan,8.16,593,"289,212",TV,Unknown,"Funimation,Crunchyroll",TMS Entertainment,"Adventure,Comedy,Mystery",Shounen,PG-13 - Teens 13 or older
Freezing,6.85,594,"289,817",TV,12,Funimation,A.C.G.T.,"Action,Drama,Romance,Sci-Fi,Ecchi",Seinen,R+ - Mild Nudity
Nanatsu no Taizai: Fundo no Shinpan,6.62,595,"294,711",TV,24,None found,Studio Deen,"Action,Adventure,Fantasy,Supernatural",Shounen,PG-13 - Teens 13 or older
Gyakkyou Burai Kaiji: Ultimate Survivor,8.28,596,"288,971",TV,26,Sentai Filmworks,Madhouse,NULL,Seinen,R - 17+ (violence & profanity)
Motto To LOVE-Ru,7.31,597,"288,849",TV,12,Sentai Filmworks,Xebec,"Comedy,Sci-Fi,Ecchi",Shounen,R+ - Mild Nudity
Seikon no Qwaser,6.4,598,"288,585",TV,24,Sentai Filmworks,Hoods Entertainment,"Action,Supernatural,Ecchi",Seinen,R - 17+ (violence & profanity)
Stranger: Mukou Hadan,8.29,599,"288,024",Movie,1,"Funimation,Bandai Entertainment",Bones,"Action,Adventure",NULL,R - 17+ (violence & profanity)
Beck,8.3,600,"288,003",TV,26,Funimation,Madhouse,"Comedy,Drama,Slice of Life",Shounen,R - 17+ (violence & profanity)
K: Return of Kings,7.59,601,"289,643",TV,13,VIZ Media,GoHands,"Action,Supernatural",NULL,PG-13 - Teens 13 or older
Code:Breaker,6.76,602,"288,818",TV,13,Funimation,Kinema Citrus,"Action,Comedy,Supernatural",Shounen,R - 17+ (violence & profanity)
Machine-Doll wa Kizutsukanai,7.1,603,"287,882",TV,12,Funimation,Lerche,"Action,Fantasy,Ecchi",NULL,R+ - Mild Nudity
Date A Live III,7.17,604,"289,880",TV,12,Funimation,J.C.Staff,"Comedy,Romance,Sci-Fi",NULL,R - 17+ (violence & profanity)
Noragami OVA,7.74,605,"286,720",OVA,2,None found,Bones,"Action,Adventure,Comedy,Supernatural",Shounen,PG-13 - Teens 13 or older
Shakugan no Shana II (Second),7.58,606,"285,430",TV,24,Funimation,J.C.Staff,"Action,Drama,Fantasy,Romance,Supernatural",NULL,PG-13 - Teens 13 or older
Kiss x Sis,6.89,607,"285,671",OVA,12,Discotek Media,feel.,"Comedy,Romance,Ecchi",Seinen,R+ - Mild Nudity
Little Witch Academia,7.82,608,"284,175",Movie,1,None found,Trigger,"Adventure,Comedy,Fantasy",NULL,PG-13 - Teens 13 or older
Azumanga Daioh,7.97,609,"283,142",TV,26,"ADV Films,Sentai Filmworks",J.C.Staff,"Comedy,Slice of Life",NULL,PG-13 - Teens 13 or older
Aldnoah.Zero 2nd Season,6.94,610,"282,840",TV,12,Aniplex of America,"A-1 Pictures,       TROYCA","Action,Sci-Fi",NULL,R - 17+ (violence & profanity)
"Kumo Desu ga, Nani ka?",7.45,611,"286,676",TV,24,None found,Millepensee,"Action,Adventure,Comedy,Fantasy,Mystery",NULL,PG-13 - Teens 13 or older
Nodame Cantabile,8.3,612,"281,514",TV,23,None found,J.C.Staff,"Comedy,Drama,Romance,Slice of Life",Josei,PG-13 - Teens 13 or older
B: The Beginning,7.25,613,"283,869",ONA,12,None found,Production I.G,"Action,Mystery,Supernatural,Suspense",NULL,R - 17+ (violence & profanity)
Majo no Tabitabi,7.55,614,"283,887",TV,12,Funimation,C2C,"Adventure,Fantasy",NULL,PG-13 - Teens 13 or older
Made in Abyss Movie 3: Fukaki Tamashii no Reimei,8.7,615,"283,871",Movie,1,Sentai Filmworks,Kinema Citrus,"Adventure,Drama,Fantasy,Mystery,Sci-Fi",NULL,R - 17+ (violence & profanity)
Fate/stay night Movie: Heaven's Feel - II. Lost Butterfly,8.56,616,"284,294",Movie,1,Aniplex of America,ufotable,"Action,Fantasy,Supernatural",NULL,R - 17+ (violence & profanity)
Sewayaki Kitsune no Senko-san,7.35,617,"281,829",TV,12,Funimation,Doga Kobo,"Comedy,Romance,Slice of Life,Supernatural",NULL,PG-13 - Teens 13 or older
Acchi Kocchi (TV),7.49,618,"280,099",TV,12,Sentai Filmworks,AIC,"Comedy,Romance,Slice of Life",NULL,PG-13 - Teens 13 or older
BNA,7.4,619,"281,443",TV,12,None found,Trigger,"Action,Fantasy",NULL,PG-13 - Teens 13 or older
Initial D First Stage,8.29,620,"278,911",TV,26,"Funimation,Tokyopop","Gallop,       Studio Comet","Action,Drama,Sports",Seinen,PG-13 - Teens 13 or older
Kishuku Gakkou no Juliet,7.46,621,"280,948",TV,12,None found,LIDENFILMS,"Action,Comedy,Romance",Shounen,PG-13 - Teens 13 or older
Devil May Cry,6.96,622,"277,684",TV,12,"ADV Films,Funimation",Madhouse,"Action,Fantasy",NULL,R - 17+ (violence & profanity)
"Clannad: Mou Hitotsu no Sekai, Tomoyo-hen",7.96,623,"277,844",Special,1,Sentai Filmworks,Kyoto Animation,"Drama,Romance,Slice of Life",NULL,PG-13 - Teens 13 or older
Violet Evergarden Gaiden: Eien to Jidou Shuki Ningyou,8.4,624,"282,750",Movie,1,Funimation,Kyoto Animation,"Drama,Fantasy,Slice of Life",NULL,PG-13 - Teens 13 or older
Kimetsu no Yaiba: Yuukaku-hen,N/A,625,"276,370",TV,Unknown,None found,ufotable,"Action,Supernatural",Shounen,R - 17+ (violence & profanity)
Isshuukan Friends.,7.55,626,"276,634",TV,12,Sentai Filmworks,Brain's Base,"Comedy,Slice of Life",Shounen,PG-13 - Teens 13 or older
Nakitai Watashi wa Neko wo Kaburu,7.35,627,"279,569",ONA,1,None found,Studio Colorido,"Comedy,Drama,Romance,Supernatural",NULL,PG-13 - Teens 13 or older
xxxHOLiC,8,628,"275,011",TV,24,Funimation,Production I.G,"Comedy,Drama,Mystery,Supernatural",NULL,PG-13 - Teens 13 or older
K-On! Movie,8.34,629,"275,514",Movie,1,Sentai Filmworks,Kyoto Animation,"Comedy,Slice of Life",NULL,PG-13 - Teens 13 or older
Dragon Ball Super: Broly,8.12,630,"277,862",Movie,1,Funimation,Toei Animation,"Action,Adventure,Fantasy",Shounen,PG-13 - Teens 13 or older
Witch Craft Works,7.03,631,"275,095",TV,12,None found,J.C.Staff,"Action,Fantasy,Supernatural",Seinen,PG-13 - Teens 13 or older
Air,7.3,632,"274,051",TV,12,"ADV Films,Funimation",Kyoto Animation,"Drama,Romance,Slice of Life,Supernatural",NULL,PG-13 - Teens 13 or older
Golden Kamuy,7.85,633,"276,077",TV,12,Funimation,Geno Studio,"Action,Adventure",Seinen,R - 17+ (violence & profanity)
Isekai Maou to Shoukan Shoujo no Dorei Majutsu Ω,6.73,634,"277,695",TV,10,Funimation,"Tezuka Productions,       Okuruto Noboru","Comedy,Fantasy,Ecchi",NULL,PG-13 - Teens 13 or older
Nanbaka,7.34,635,"275,308",TV,13,Funimation,Satelight,"Action,Comedy,Drama",NULL,PG-13 - Teens 13 or older
One Punch Man: Road to Hero,7.71,636,"274,472",OVA,1,None found,Madhouse,"Action,Comedy,Sci-Fi,Supernatural",NULL,R - 17+ (violence & profanity)
Sword Art Online: Extra Edition,6.56,637,"273,327",Special,1,Aniplex of America,A-1 Pictures,"Action,Adventure,Fantasy,Romance",NULL,PG-13 - Teens 13 or older
Karigurashi no Arrietty,7.91,638,"272,631",Movie,1,Walt Disney Studios,Studio Ghibli,NULL,NULL,G - All Ages
Fate/stay night: Unlimited Blade Works Prologue,8.07,639,"273,801",Special,1,Aniplex of America,ufotable,"Action,Fantasy,Supernatural",NULL,PG-13 - Teens 13 or older
Naruto: Shippuuden Movie 6 - Road to Ninja,7.67,640,"273,458",Movie,1,VIZ Media,Studio Pierrot,"Action,Adventure",Shounen,PG-13 - Teens 13 or older
Mimi wo Sumaseba,8.22,641,"272,185",Movie,1,"Walt Disney Studios,GKIDS",Studio Ghibli,"Drama,Romance,Slice of Life",Shoujo,G - All Ages
Kokoro ga Sakebitagatterunda.,7.89,642,"273,681",Movie,1,Aniplex of America,A-1 Pictures,"Drama,Romance",NULL,PG-13 - Teens 13 or older
Imouto sae Ireba Ii.,7.33,643,"273,651",TV,12,Funimation,SILVER LINK.,"Comedy,Romance",NULL,PG-13 - Teens 13 or older
Nejimaki Seirei Senki: Tenkyou no Alderamin,7.69,644,"272,987",TV,13,"Funimation,Crunchyroll",Madhouse,"Action,Adventure,Fantasy",NULL,R - 17+ (violence & profanity)
Hamatora The Animation,7.28,645,"271,719",TV,12,Sentai Filmworks,NAZ,"Comedy,Drama,Mystery",NULL,R - 17+ (violence & profanity)
Denpa Onna to Seishun Otoko,7.15,646,"271,832",TV,12,"NIS America,Inc.",Shaft,"Comedy,Sci-Fi,Slice of Life",NULL,PG-13 - Teens 13 or older
Dimension W,7.2,647,"270,842",TV,12,Funimation,"Orange,       Studio 3Hz","Action,Sci-Fi",Seinen,R - 17+ (violence & profanity)
Carole & Tuesday,7.91,648,"271,599",TV,24,None found,Bones,"Drama,Sci-Fi",NULL,PG-13 - Teens 13 or older
Full Metal Panic? Fumoffu,8.05,649,"269,289",TV,12,"ADV Films,Funimation",Kyoto Animation,"Action,Comedy",NULL,PG-13 - Teens 13 or older
Highschool of the Dead: Drifters of the Dead,6.62,650,"269,768",OVA,1,Sentai Filmworks,Madhouse,"Comedy,Supernatural,Ecchi",NULL,R+ - Mild Nudity
Fruits Basket: The Final,9.07,651,"274,879",TV,13,Funimation,TMS Entertainment,"Comedy,Drama,Romance,Slice of Life,Supernatural",Shoujo,PG-13 - Teens 13 or older
ChäoS HEAd,6.34,652,"268,489",TV,12,Funimation,Madhouse,"Mystery,Sci-Fi,Supernatural",NULL,R - 17+ (violence & profanity)
Irozuku Sekai no Ashita kara,7.53,653,"269,949",TV,13,Sentai Filmworks,P.A. Works,"Drama,Romance",NULL,PG-13 - Teens 13 or older
Assassins Pride,5.93,654,"270,712",TV,12,Sentai Filmworks,EMT Squared,NULL,NULL,PG-13 - Teens 13 or older
C: The Money of Soul and Possibility Control,7.21,655,"268,302",TV,11,Funimation,Tatsunoko Production,"Action,Mystery,Suspense",NULL,PG-13 - Teens 13 or older
Yuukoku no Moriarty,8.12,656,"271,804",TV,11,Funimation,Production I.G,"Mystery,Suspense",Shounen,R - 17+ (violence & profanity)
Id:Invaded,7.87,657,"269,817",TV,13,Funimation,NAZ,"Mystery,Sci-Fi",NULL,R - 17+ (violence & profanity)
Mawaru Penguindrum,7.97,658,"267,543",TV,24,Sentai Filmworks,Brain's Base,"Avant Garde,Comedy,Drama,Mystery",NULL,R - 17+ (violence & profanity)
Taimadou Gakuen 35 Shiken Shoutai,6.85,659,"268,078",TV,12,Discotek Media,SILVER LINK.,"Action,Fantasy,Romance,Supernatural,Ecchi",NULL,R - 17+ (violence & profanity)
Ballroom e Youkoso,8.2,660,"267,395",TV,24,Ponycan USA,Production I.G,"Comedy,Drama,Romance,Sports",Shounen,PG-13 - Teens 13 or older
Densetsu no Yuusha no Densetsu,7.56,661,"265,258",TV,24,Funimation,Zexcs,"Action,Adventure,Fantasy",Shounen,R - 17+ (violence & profanity)
Danganronpa 3: The End of Kibougamine Gakuen - Zetsubou-hen,7.43,662,"266,478",TV,11,Funimation,Lerche,"Action,Horror,Mystery",NULL,R - 17+ (violence & profanity)
Shijou Saikyou no Deshi Kenichi,8.08,663,"264,789",TV,50,"Funimation,Discotek Media",TMS Entertainment,"Action,Comedy",Shounen,PG-13 - Teens 13 or older
Kemono Jihen,7.44,664,"268,064",TV,12,Funimation,Ajia-Do,"Action,Mystery,Supernatural",Shounen,R - 17+ (violence & profanity)
3D Kanojo: Real Girl,6.82,665,"266,709",TV,12,Sentai Filmworks,Hoods Entertainment,NULL,Shoujo,PG-13 - Teens 13 or older
Eizouken ni wa Te wo Dasu na!,8.15,666,"266,772",TV,12,Crunchyroll,Science SARU,"Adventure,Comedy",Seinen,PG-13 - Teens 13 or older
Shoujo Shuumatsu Ryokou,8.19,667,"266,288",TV,12,Sentai Filmworks,White Fox,"Adventure,Mystery,Sci-Fi,Slice of Life",NULL,PG-13 - Teens 13 or older
Seiken Tsukai no World Break,6.84,668,"264,693",TV,12,Funimation,Diomedéa,"Action,Fantasy,Romance,Supernatural",NULL,R - 17+ (violence & profanity)
Amnesia,6.03,669,"264,418",TV,12,Sentai Filmworks,Brain's Base,"Fantasy,Mystery,Romance",NULL,PG-13 - Teens 13 or older
Yuusha ni Narenakatta Ore wa Shibushibu Shuushoku wo Ketsui Shimashita.,6.86,670,"264,069",TV,12,Sentai Filmworks,asread.,"Comedy,Fantasy,Romance,Ecchi",NULL,PG-13 - Teens 13 or older
Oniichan dakedo Ai sae Areba Kankeinai yo ne!,6.48,671,"264,064",TV,12,Funimation,SILVER LINK.,"Comedy,Romance,Ecchi",NULL,R+ - Mild Nudity
Sora no Otoshimono: Forte,7.5,672,"263,376",TV,12,Funimation,AIC ASTA,"Comedy,Romance,Sci-Fi,Supernatural,Ecchi",Shounen,PG-13 - Teens 13 or older
Tokyo Magnitude 8.0,8.03,673,"263,475",TV,11,Maiden Japan,"Bones,       Kinema Citrus",NULL,NULL,PG-13 - Teens 13 or older
Ginga Eiyuu Densetsu,9.04,674,"262,887",OVA,110,Sentai Filmworks,"K-Factory,       Kitty Film Mitaka Studio","Drama,Sci-Fi",NULL,R - 17+ (violence & profanity)
Oda Nobuna no Yabou,7.42,675,"262,996",TV,12,Sentai Filmworks,"Madhouse,       Studio Gokumi","Comedy,Romance",NULL,PG-13 - Teens 13 or older
Soredemo Sekai wa Utsukushii,7.64,676,"262,201",TV,12,Sentai Filmworks,Studio Pierrot,"Adventure,Fantasy,Romance",Shoujo,PG-13 - Teens 13 or older
Mahouka Koukou no Rettousei: Raihousha-hen,7.28,677,"263,937",TV,13,Aniplex of America,8bit,"Action,Romance,Sci-Fi,Supernatural",NULL,PG-13 - Teens 13 or older
"Tantei wa Mou, Shindeiru.",6.37,678,"260,923",TV,12,Funimation,ENGI,"Comedy,Drama,Mystery,Romance",NULL,PG-13 - Teens 13 or older
Chainsaw Man,N/A,679,"269,939",TV,Unknown,None found,MAPPA,"Action,Adventure",Shounen,None
Amaama to Inazuma,7.53,680,"262,295",TV,12,None found,TMS Entertainment,"Comedy,Gourmet,Slice of Life",Seinen,PG-13 - Teens 13 or older
Gintama': Enchousen,9.04,681,"260,982",TV,13,None found,Sunrise,"Action,Comedy,Sci-Fi",Shounen,PG-13 - Teens 13 or older
Little Busters!,7.5,682,"260,295",TV,26,Sentai Filmworks,J.C.Staff,"Comedy,Drama,Slice of Life,Supernatural",NULL,PG-13 - Teens 13 or older
Nande Koko ni Sensei ga!?,6.49,683,"262,043",TV,12,Sentai Filmworks,Tear Studio,"Comedy,Ecchi",Seinen,PG-13 - Teens 13 or older
One Punch Man Specials,7.7,684,"260,750",Special,6,VIZ Media,Madhouse,"Action,Comedy,Sci-Fi,Supernatural",NULL,R - 17+ (violence & profanity)
Maji de Watashi ni Koi Shinasai!,6.72,685,"258,945",TV,12,Sentai Filmworks,Lerche,"Comedy,Romance,Ecchi",NULL,PG-13 - Teens 13 or older
Mononoke,8.44,686,"258,401",TV,12,Flatiron Film Company,Toei Animation,"Fantasy,Horror,Mystery,Supernatural",Seinen,R - 17+ (violence & profanity)
Takt Op. Destiny,7.95,687,"256,714",TV,Unknown,None found,"Madhouse,       MAPPA","Action,Fantasy",NULL,PG-13 - Teens 13 or older
Kakushigoto (TV),8,688,"258,447",TV,12,Funimation,Ajia-Do,"Comedy,Slice of Life",Shounen,PG-13 - Teens 13 or older
Vanitas no Karte,7.92,689,"255,628",TV,12,Funimation,Bones,NULL,Shounen,R - 17+ (violence & profanity)
Araburu Kisetsu no Otome-domo yo.,7.42,690,"257,646",TV,12,Sentai Filmworks,Lay-duce,"Comedy,Drama,Romance",Shounen,PG-13 - Teens 13 or older
Shuffle!,7.06,691,"255,591",TV,24,Funimation,asread.,"Comedy,Drama,Fantasy,Romance,Ecchi",Seinen,R+ - Mild Nudity
"Sentouin, Hakenshimasu!",7.22,692,"259,411",TV,12,Funimation,J.C.Staff,"Action,Comedy,Fantasy",NULL,PG-13 - Teens 13 or older
Kino no Tabi: The Beautiful World,8.31,693,"255,651",TV,13,"ADV Films,Sentai Filmworks",A.C.G.T.,"Action,Adventure,Slice of Life",NULL,R - 17+ (violence & profanity)
Code Geass: Fukkatsu no Lelouch,7.93,694,"256,808",Movie,1,Funimation,Sunrise,"Action,Drama,Sci-Fi",NULL,R - 17+ (violence & profanity)
Mushishi Zoku Shou,8.71,695,"254,772",TV,10,Aniplex of America,Artland,"Adventure,Fantasy,Mystery,Slice of Life,Supernatural",Seinen,PG-13 - Teens 13 or older
Kämpfer,6.41,696,"254,067",TV,12,Sentai Filmworks,Nomad,"Action,Comedy,Girls Love,Romance,Ecchi",NULL,PG-13 - Teens 13 or older
Gin no Saji,8.1,697,"254,100",TV,11,Aniplex of America,A-1 Pictures,"Comedy,Slice of Life",Shounen,PG-13 - Teens 13 or older
Ano Hi Mita Hana no Namae wo Bokutachi wa Mada Shiranai. Movie,7.89,698,"253,985",Movie,1,Aniplex of America,A-1 Pictures,"Drama,Slice of Life,Supernatural",NULL,PG-13 - Teens 13 or older
Fuuka,6.52,699,"254,440",TV,12,"Funimation,Crunchyroll",Diomedéa,"Drama,Romance,Ecchi",Shounen,R+ - Mild Nudity
Ore dake Haireru Kakushi Dungeon,6.29,700,"256,830",TV,12,None found,Okuruto Noboru,"Action,Adventure,Fantasy,Ecchi",NULL,PG-13 - Teens 13 or older
Ajin 2nd Season,7.63,701,"254,156",TV,13,Sentai Filmworks,Polygon Pictures,"Action,Horror,Mystery,Supernatural",Seinen,R - 17+ (violence & profanity)
Girls & Panzer,7.53,702,"253,421",TV,12,Sentai Filmworks,Actas,"Action,Sports",NULL,PG-13 - Teens 13 or older
Ookami-san to Shichinin no Nakama-tachi,7.2,703,"251,684",TV,12,Funimation,J.C.Staff,"Comedy,Romance",NULL,PG-13 - Teens 13 or older
Yesterday wo Utatte,6.93,704,"252,641",TV,12,None found,Doga Kobo,"Drama,Romance,Slice of Life",Seinen,PG-13 - Teens 13 or older
Itazura na Kiss,7.47,705,"251,113",TV,25,Discotek Media,TMS Entertainment,"Comedy,Romance",Shoujo,PG-13 - Teens 13 or older
Gokushufudou,7.09,706,"257,167",ONA,5,None found,J.C.Staff,"Comedy,Romance,Slice of Life",NULL,PG-13 - Teens 13 or older
Juuni Taisen,6.54,707,"251,411",TV,12,Funimation,Graphinica,NULL,NULL,R - 17+ (violence & profanity)
Yagate Kimi ni Naru,7.92,708,"252,660",TV,13,Sentai Filmworks,TROYCA,"Drama,Girls Love,Romance",NULL,PG-13 - Teens 13 or older
Kaze Tachinu,8.1,709,"250,791",Movie,1,Walt Disney Studios,Studio Ghibli,"Drama,Romance",NULL,PG-13 - Teens 13 or older
Shouwa Genroku Rakugo Shinjuu,8.59,710,"250,484",TV,13,None found,Studio Deen,NULL,Josei,PG-13 - Teens 13 or older
Just Because!,7.26,711,"250,422",TV,12,Sentai Filmworks,Pine Jam,"Drama,Romance,Slice of Life",NULL,PG-13 - Teens 13 or older
Baki,7.22,712,"256,125",ONA,26,Sentai Filmworks,TMS Entertainment,NULL,Shounen,R - 17+ (violence & profanity)
Kono Bijutsubu ni wa Mondai ga Aru!,7.21,713,"250,257",TV,12,Maiden Japan,feel.,"Comedy,Romance",Seinen,PG-13 - Teens 13 or older
Naruto Movie 1: Dai Katsugeki!! Yuki Hime Shinobu Houjou Dattebayo!,7.1,714,"247,766",Movie,1,VIZ Media,Studio Pierrot,"Adventure,Comedy,Drama,Supernatural",Shounen,PG-13 - Teens 13 or older
Naruto: Shippuuden Movie 1,7.29,715,"247,668",Movie,1,VIZ Media,Studio Pierrot,"Action,Adventure,Comedy,Fantasy",Shounen,PG-13 - Teens 13 or older
Grancrest Senki,7.23,716,"249,168",TV,24,Aniplex of America,A-1 Pictures,"Action,Drama,Fantasy,Romance",NULL,R - 17+ (violence & profanity)
Angel Beats! Specials,7.58,717,"247,215",Special,2,Sentai Filmworks,P.A. Works,"Action,Comedy,Supernatural",NULL,PG-13 - Teens 13 or older
Kanon (2006),7.98,718,"246,611",TV,24,"ADV Films,Funimation",Kyoto Animation,"Drama,Romance,Slice of Life,Supernatural",NULL,PG-13 - Teens 13 or older
Okusama ga Seitokaichou!,6.61,719,"248,645",TV,12,Media Blasters,Seven,"Comedy,Romance,Ecchi",Shounen,R+ - Mild Nudity
Black Cat (TV),7.35,720,"246,375",TV,23,Funimation,Gonzo,"Adventure,Comedy,Sci-Fi",Shounen,PG-13 - Teens 13 or older
Deca-Dence,7.42,721,"248,002",TV,12,Funimation,Nut,"Action,Adventure,Sci-Fi",NULL,PG-13 - Teens 13 or older
Rurouni Kenshin: Meiji Kenkaku Romantan - Tsuioku-hen,8.72,722,"245,937",OVA,4,"ADV Films,Aniplex of America",Studio Deen,"Action,Drama,Romance",Shounen,R - 17+ (violence & profanity)
Jujutsu Kaisen 0 Movie,N/A,723,"244,599",Movie,1,None found,MAPPA,"Action,Supernatural",Shounen,None
Sakasama no Patema,8.01,724,"245,458",Movie,1,"NYAV Post,GKIDS","Studio Rikka,       Purple Cow Studio Japan","Adventure,Sci-Fi",NULL,PG-13 - Teens 13 or older
Maken-Ki!,6.36,725,"245,567",TV,12,Funimation,AIC Spirits,"Action,Ecchi",NULL,R+ - Mild Nudity
Gintama.,8.98,726,"246,128",TV,12,None found,Bandai Namco Pictures,"Action,Comedy,Sci-Fi",Shounen,PG-13 - Teens 13 or older
Taboo Tattoo,5.76,727,"245,173",TV,12,"Funimation,Crunchyroll",J.C.Staff,"Action,Mystery,Supernatural",Seinen,R - 17+ (violence & profanity)
Mangaka-san to Assistant-san to The Animation,7.14,728,"243,721",TV,12,Sentai Filmworks,Zexcs,"Comedy,Slice of Life,Ecchi",Seinen,PG-13 - Teens 13 or older
SSSS.Gridman,7.15,729,"244,917",TV,12,Funimation,Trigger,"Action,Sci-Fi",NULL,PG-13 - Teens 13 or older
Nazo no Kanojo X,7.24,730,"244,082",TV,13,Sentai Filmworks,Hoods Entertainment,NULL,Seinen,R - 17+ (violence & profanity)
High School DxD OVA,7.29,731,"243,428",OVA,2,None found,TNK,"Comedy,Romance,Ecchi",NULL,R+ - Mild Nudity
"Slime Taoshite 300-nen, Shiranai Uchi ni Level Max ni Nattemashita",7.02,732,"246,685",TV,12,None found,Revoroot,"Comedy,Fantasy,Slice of Life",NULL,PG-13 - Teens 13 or older
Jaku-Chara Tomozaki-kun,7.18,733,"245,366",TV,12,Funimation,Project No.9,"Drama,Romance",NULL,PG-13 - Teens 13 or older
Evangelion: 3.0+1.0 Thrice Upon a Time,8.69,734,"244,455",Movie,1,None found,Khara,"Action,Drama,Sci-Fi",NULL,PG-13 - Teens 13 or older
Gakuen Babysitters,7.89,735,"245,132",TV,12,None found,Brain's Base,"Comedy,Slice of Life",Shoujo,PG-13 - Teens 13 or older
Kawaikereba Hentai demo Suki ni Natte Kuremasu ka?,6.56,736,"243,637",TV,12,Funimation,"Seven,       GEEK TOYS","Comedy,Romance,Ecchi",NULL,PG-13 - Teens 13 or older
Akuma no Riddle,6.62,737,"240,944",TV,12,Funimation,Diomedéa,"Action,Girls Love",NULL,R - 17+ (violence & profanity)
Nurarihyon no Mago,7.63,738,"240,737",TV,24,VIZ Media,Studio Deen,"Action,Supernatural",Shounen,PG-13 - Teens 13 or older
Love Hina,7.12,739,"240,390",TV,24,"Funimation,Bandai Entertainment",Xebec,"Comedy,Romance,Slice of Life,Ecchi",Shounen,PG-13 - Teens 13 or older
Nanatsu no Taizai Movie 1: Tenkuu no Torawarebito,7.16,740,"242,741",Movie,1,None found,A-1 Pictures,"Action,Adventure,Fantasy,Supernatural",Shounen,PG-13 - Teens 13 or older
Full Metal Panic! The Second Raid,7.94,741,"239,661",TV,13,"ADV Films,Funimation,Kadokawa Pictures USA",Kyoto Animation,NULL,NULL,R - 17+ (violence & profanity)
Mahoutsukai no Yome: Hoshi Matsu Hito,8.12,742,"240,468",OVA,3,Crunchyroll,Wit Studio,"Fantasy,Slice of Life",Shounen,PG-13 - Teens 13 or older
Kanata no Astra,8.12,743,"241,129",TV,12,Funimation,Lerche,"Adventure,Mystery,Sci-Fi",Shounen,PG-13 - Teens 13 or older
Bleach Movie 1: Memories of Nobody,7.44,744,"239,259",Movie,1,VIZ Media,Studio Pierrot,"Action,Adventure,Comedy,Supernatural",Shounen,PG-13 - Teens 13 or older
InuYasha: Kanketsu-hen,8.21,745,"239,539",TV,26,VIZ Media,Sunrise,"Action,Adventure,Comedy,Fantasy,Romance,Supernatural",Shounen,PG-13 - Teens 13 or older
Isekai Cheat Magician,5.41,746,"241,313",TV,12,None found,Encourage Films,"Action,Adventure,Fantasy",NULL,PG-13 - Teens 13 or older
Nyan Koi!,7.16,747,"238,991",TV,12,Sentai Filmworks,AIC,"Comedy,Romance",NULL,PG-13 - Teens 13 or older
"Clannad: After Story - Mou Hitotsu no Sekai, Kyou-hen",7.81,748,"238,835",Special,1,Sentai Filmworks,Kyoto Animation,"Drama,Romance",NULL,PG-13 - Teens 13 or older
Skip Beat!,8.1,749,"238,310",TV,25,Pied Piper,Hal Film Maker,"Comedy,Drama,Romance",Shoujo,PG-13 - Teens 13 or older
Persona 4 the Animation,7.51,750,"238,075",TV,25,Sentai Filmworks,AIC ASTA,"Action,Adventure,Mystery,Sci-Fi,Supernatural",NULL,PG-13 - Teens 13 or older
Black Lagoon: Roberta's Blood Trail,8.03,751,"238,125",OVA,5,Funimation,Madhouse,NULL,Seinen,R+ - Mild Nudity
Fate/kaleid liner Prisma☆Illya,7.07,752,"238,060",TV,10,Sentai Filmworks,SILVER LINK.,"Action,Comedy,Fantasy",NULL,PG-13 - Teens 13 or older
Kaze ga Tsuyoku Fuiteiru,8.42,753,"239,433",TV,23,Sentai Filmworks,Production I.G,"Comedy,Drama,Sports",NULL,PG-13 - Teens 13 or older
Ao no Exorcist Movie,7.6,754,"237,833",Movie,1,Aniplex of America,A-1 Pictures,"Action,Fantasy,Supernatural",Shounen,PG-13 - Teens 13 or older
Working'!!,7.85,755,"237,290",TV,13,"NIS America,Inc.",A-1 Pictures,"Comedy,Romance,Slice of Life",Seinen,PG-13 - Teens 13 or older
Re:Zero kara Hajimeru Isekai Seikatsu - Memory Snow,7.56,756,"238,624",Movie,1,None found,White Fox,"Drama,Fantasy",NULL,PG-13 - Teens 13 or older
Masou Gakuen HxH,6.15,757,"238,275",TV,12,"Funimation,Crunchyroll",Production IMS,"Action,Comedy,Fantasy,Romance,Sci-Fi,Ecchi",NULL,R+ - Mild Nudity
Hetalia Axis Powers,7.32,758,"236,749",ONA,52,Funimation,Studio Deen,NULL,NULL,PG-13 - Teens 13 or older
Koi wa Ameagari no You ni,7.51,759,"238,227",TV,12,Sentai Filmworks,Wit Studio,"Drama,Romance,Slice of Life",Seinen,PG-13 - Teens 13 or older
Slam Dunk,8.53,760,"235,824",TV,101,"Flatiron Film Company,Geneon Entertainment USA",Toei Animation,"Comedy,Drama,Sports",Shounen,PG-13 - Teens 13 or older
Karakai Jouzu no Takagi-san 2,8.1,761,"237,719",TV,12,None found,Shin-Ei Animation,"Comedy,Romance,Slice of Life",Shounen,PG-13 - Teens 13 or older
"Violet Evergarden: Kitto ""Ai"" wo Shiru Hi ga Kuru no Darou",8.31,762,"239,132",Special,1,None found,Kyoto Animation,"Drama,Fantasy,Slice of Life",NULL,PG-13 - Teens 13 or older
Hachimitsu to Clover,8.03,763,"234,500",TV,24,"VIZ Media,Discotek Media",J.C.Staff,"Comedy,Drama,Romance,Slice of Life",Josei,PG-13 - Teens 13 or older
Shingeki no Kyojin: Lost Girls,7.79,764,"236,316",OVA,3,None found,Wit Studio,"Action,Drama,Fantasy,Horror,Supernatural",NULL,R - 17+ (violence & profanity)
Darker than Black: Kuro no Keiyakusha Gaiden,7.94,765,"234,139",Special,4,Funimation,Bones,"Action,Mystery,Sci-Fi",NULL,R - 17+ (violence & profanity)
Haibane Renmei,7.98,766,"233,556",TV,13,"Funimation,Geneon Entertainment USA",Radix,"Drama,Fantasy,Mystery,Slice of Life",NULL,PG-13 - Teens 13 or older
Psycho-Pass Movie,7.72,767,"233,839",Movie,1,Funimation,Production I.G,"Action,Sci-Fi",NULL,R - 17+ (violence & profanity)
Kokoro Connect: Michi Random,7.97,768,"233,280",Special,4,Sentai Filmworks,SILVER LINK.,"Comedy,Drama,Romance,Slice of Life,Supernatural",NULL,PG-13 - Teens 13 or older
ef: A Tale of Memories.,7.92,769,"232,733",TV,12,Sentai Filmworks,Shaft,"Drama,Mystery,Romance",NULL,PG-13 - Teens 13 or older
"Ore ga Ojousama Gakkou ni ""Shomin Sample"" Toshite Gets♥Sareta Ken",6.75,770,"233,437",TV,12,Funimation,SILVER LINK.,"Comedy,Romance,Ecchi",NULL,PG-13 - Teens 13 or older
Yuragi-sou no Yuuna-san,7.03,771,"233,813",TV,12,Aniplex of America,Xebec,"Comedy,Romance,Supernatural,Ecchi",Shounen,R+ - Mild Nudity
Handa-kun,7.38,772,"234,487",TV,12,Funimation,Diomedéa,"Comedy,Slice of Life",Shounen,PG-13 - Teens 13 or older
Flying Witch,7.52,773,"232,011",TV,12,Sentai Filmworks,J.C.Staff,"Comedy,Slice of Life,Supernatural",Shounen,PG-13 - Teens 13 or older
Sakura Trick,6.99,774,"231,480",TV,12,Sentai Filmworks,Studio Deen,"Comedy,Girls Love,Romance,Slice of Life",Seinen,PG-13 - Teens 13 or older
Servamp,6.91,775,"233,317",TV,12,Funimation,"Brain's Base,       Platinum Vision","Action,Comedy,Drama,Supernatural",Josei,R - 17+ (violence & profanity)
Somali to Mori no Kamisama,7.82,776,"232,085",TV,12,None found,"Satelight,       HORNETS","Adventure,Drama,Fantasy,Slice of Life",NULL,PG-13 - Teens 13 or older
Tada-kun wa Koi wo Shinai,7.56,777,"231,767",TV,13,Sentai Filmworks,Doga Kobo,"Comedy,Romance,Slice of Life",NULL,PG-13 - Teens 13 or older
Happy Sugar Life,6.85,778,"231,587",TV,12,None found,Ezόla,"Drama,Girls Love,Horror",Shounen,R - 17+ (violence & profanity)
Platinum End,7.42,779,"228,959",TV,24,None found,Signal.MD,"Drama,Supernatural",Shounen,R - 17+ (violence & profanity)
Kanojo mo Kanojo,6.68,780,"228,548",TV,12,None found,Tezuka Productions,"Comedy,Romance",Shounen,PG-13 - Teens 13 or older
Omoide no Marnie,8.07,781,"229,650",Movie,1,GKIDS,Studio Ghibli,"Drama,Mystery",NULL,G - All Ages
Munou na Nana,7.23,782,"230,657",TV,13,"Funimation,Muse Communication",Bridge,"Supernatural,Suspense",Shounen,R - 17+ (violence & profanity)
Tokyo Godfathers,8.28,783,"228,135",Movie,1,"Sony Pictures Entertainment,GKIDS",Madhouse,"Comedy,Drama",NULL,PG-13 - Teens 13 or older
K: Missing Kings,7.67,784,"227,750",Movie,1,VIZ Media,GoHands,"Action,Supernatural",NULL,PG-13 - Teens 13 or older
Yahari Ore no Seishun Love Comedy wa Machigatteiru. OVA,7.59,785,"227,906",OVA,1,None found,Brain's Base,"Comedy,Romance",NULL,PG-13 - Teens 13 or older
Rikei ga Koi ni Ochita no de Shoumei shitemita.,7.35,786,"230,355",TV,12,None found,Zero-G,"Comedy,Romance",NULL,PG-13 - Teens 13 or older
Hajime no Ippo: New Challenger,8.66,787,"226,743",TV,26,None found,Madhouse,"Comedy,Drama,Sports",Shounen,PG-13 - Teens 13 or older
Bokutachi wa Benkyou ga Dekinai!,7.35,788,"228,807",TV,13,Aniplex of America,"Silver,       Arvo Animation","Comedy,Romance",Shounen,PG-13 - Teens 13 or older
Junjou Romantica,7.57,789,"226,151",TV,12,Nozomi Entertainment,Studio Deen,"Boys Love,Comedy,Drama,Romance",NULL,PG-13 - Teens 13 or older
Fate/stay night Movie: Heaven's Feel - III. Spring Song,8.75,790,"230,253",Movie,1,Aniplex of America,ufotable,"Action,Fantasy,Supernatural",NULL,R - 17+ (violence & profanity)
Love Live! School Idol Project 2nd Season,7.78,791,"226,157",TV,13,"NIS America,Inc.",Sunrise,NULL,NULL,PG-13 - Teens 13 or older
Mahou Sensou,6,792,"223,593",TV,12,Sentai Filmworks,Madhouse,"Action,Fantasy",NULL,PG-13 - Teens 13 or older
Pokemon Movie 01: Mewtwo no Gyakushuu,7.63,793,"223,321",Movie,1,"4Kids Entertainment,Warner Bros. Pictures",OLM,"Action,Adventure,Comedy,Drama,Fantasy",Kids,PG - Children
Tensura Nikki: Tensei shitara Slime Datta Ken,7.54,794,"226,698",TV,12,None found,8bit,"Comedy,Fantasy,Slice of Life",Shounen,PG-13 - Teens 13 or older
Angel Beats!: Another Epilogue,7.47,795,"223,143",Special,1,None found,P.A. Works,"Drama,Supernatural",NULL,PG-13 - Teens 13 or older
Mushishi Zoku Shou 2nd Season,8.75,796,"223,833",TV,10,Aniplex of America,Artland,"Adventure,Fantasy,Mystery,Slice of Life,Supernatural",Seinen,PG-13 - Teens 13 or older
Love Stage!!,7.26,797,"223,353",TV,10,Sentai Filmworks,J.C.Staff,"Boys Love,Comedy,Romance",NULL,PG-13 - Teens 13 or older
New Game!!,7.73,798,"223,790",TV,12,"Funimation,Crunchyroll",Doga Kobo,"Comedy,Slice of Life",NULL,PG-13 - Teens 13 or older
Seitokai Yakuindomo*,7.71,799,"222,969",TV,13,Sentai Filmworks,GoHands,"Comedy,Slice of Life",Shounen,R - 17+ (violence & profanity)
Kanokon,6.42,800,"221,991",TV,12,Media Blasters,Xebec,"Comedy,Romance,Slice of Life,Supernatural,Ecchi",Shounen,R+ - Mild Nudity
Noragami Aragoto OVA,7.88,801,"223,357",OVA,2,None found,Bones,"Action,Adventure,Comedy,Supernatural",Shounen,PG-13 - Teens 13 or older
Boku no Kanojo ga Majimesugiru Sho-bitch na Ken,6.26,802,"222,292",TV,10,Sentai Filmworks,"Diomedéa,       Studio Blanc","Comedy,Romance,Ecchi",NULL,PG-13 - Teens 13 or older
Zero kara Hajimeru Mahou no Sho,7.08,803,"221,138",TV,12,Sentai Filmworks,White Fox,"Action,Adventure,Fantasy",NULL,PG-13 - Teens 13 or older
Medaka Box,7.04,804,"220,629",TV,12,Sentai Filmworks,"Gainax,       Asahi Production","Action,Comedy,Ecchi",Shounen,PG-13 - Teens 13 or older
Jitsu wa Watashi wa,6.88,805,"222,206",TV,13,Discotek Media,"TMS Entertainment,       3xCube","Comedy,Fantasy,Romance,Supernatural",Shounen,PG-13 - Teens 13 or older
Tsuujou Kougeki ga Zentai Kougeki de Ni-kai Kougeki no Okaasan wa Suki Desu ka?,5.55,806,"221,604",TV,12,Aniplex of America,J.C.Staff,"Adventure,Comedy,Fantasy",NULL,PG-13 - Teens 13 or older
Kuusen Madoushi Kouhosei no Kyoukan,6.35,807,"220,915",TV,12,Funimation,Diomedéa,"Action,Drama,Fantasy",NULL,PG-13 - Teens 13 or older
Natsume Yuujinchou San,8.58,808,"219,975",TV,13,"NIS America,Inc.",Brain's Base,"Drama,Slice of Life,Supernatural",Shoujo,PG-13 - Teens 13 or older
To LOVE-Ru Darkness 2nd,7.47,809,"220,819",TV,12,Sentai Filmworks,Xebec,"Comedy,Romance,Sci-Fi,Ecchi",Shounen,R+ - Mild Nudity
Kamisama no Memochou,7.51,810,"219,186",TV,12,Sentai Filmworks,J.C.Staff,NULL,NULL,R - 17+ (violence & profanity)
Naruto: Shippuuden Movie 2 - Kizuna,7.28,811,"219,369",Movie,1,VIZ Media,Studio Pierrot,"Action,Supernatural",Shounen,PG-13 - Teens 13 or older
Kyoukai no Kanata Movie 2: I'll Be Here - Mirai-hen,8.18,812,"220,056",Movie,1,Sentai Filmworks,Kyoto Animation,"Fantasy,Slice of Life,Supernatural",NULL,PG-13 - Teens 13 or older
11eyes,6.11,813,"218,572",TV,12,Sentai Filmworks,Doga Kobo,"Action,Supernatural,Ecchi",NULL,R - 17+ (violence & profanity)
Zoku Natsume Yuujinchou,8.56,814,"217,755",TV,13,"NIS America,Inc.",Brain's Base,"Drama,Slice of Life,Supernatural",Shoujo,PG-13 - Teens 13 or older
Shakugan no Shana III (Final),7.53,815,"217,635",TV,24,Funimation,J.C.Staff,"Action,Drama,Fantasy,Romance,Supernatural",NULL,PG-13 - Teens 13 or older
Ga-Rei: Zero,7.61,816,"217,515",TV,12,Funimation,"AIC Spirits,       asread.","Action,Supernatural,Suspense",NULL,R - 17+ (violence & profanity)
Bokutachi no Remake,7.5,817,"217,187",TV,12,None found,feel.,"Drama,Romance,Slice of Life",NULL,PG-13 - Teens 13 or older
Neko no Ongaeshi,7.75,818,"217,561",Movie,1,"Walt Disney Studios,GKIDS",Studio Ghibli,"Adventure,Drama,Fantasy",NULL,G - All Ages
Haikyuu!!: Riku vs. Kuu,7.82,819,"219,754",OVA,2,None found,Production I.G,"Comedy,Drama,Sports",Shounen,PG-13 - Teens 13 or older
Omamori Himari,6.88,820,"217,199",TV,12,Funimation,Zexcs,"Action,Comedy,Fantasy,Romance,Supernatural,Ecchi",NULL,R+ - Mild Nudity
MM!,7.08,821,"216,765",TV,12,Sentai Filmworks,Xebec,"Comedy,Ecchi",NULL,PG-13 - Teens 13 or older
Ranma ½,7.76,822,"215,808",TV,161,VIZ Media,Studio Deen,"Comedy,Fantasy,Slice of Life",Shounen,R+ - Mild Nudity
Tejina-senpai,6.44,823,"217,872",TV,12,None found,LIDENFILMS,"Comedy,Ecchi",Seinen,PG-13 - Teens 13 or older
Promare,8.02,824,"217,631",Movie,1,GKIDS,Trigger,"Action,Sci-Fi",NULL,PG-13 - Teens 13 or older
Working!!!,8,825,"216,379",TV,13,Aniplex of America,A-1 Pictures,"Comedy,Romance,Slice of Life",Seinen,PG-13 - Teens 13 or older
Planetes,8.28,826,"214,999",TV,26,Bandai Entertainment,Sunrise,"Drama,Romance,Sci-Fi",Seinen,PG-13 - Teens 13 or older
Gankutsuou,8.16,827,"214,756",TV,24,"Funimation,Geneon Entertainment USA",Gonzo,"Drama,Mystery,Sci-Fi,Supernatural,Suspense",NULL,R - 17+ (violence & profanity)
Kuroko no Basket Movie 4: Last Game,8.08,828,"217,248",Movie,1,None found,Production I.G,NULL,Shounen,PG-13 - Teens 13 or older
Sekirei: Pure Engagement,7.31,829,"214,513",TV,13,Funimation,Seven Arcs,"Action,Comedy,Ecchi",NULL,R+ - Mild Nudity
Ryuugajou Nanana no Maizoukin (TV),7.16,830,"214,405",TV,11,Aniplex of America,A-1 Pictures,"Adventure,Comedy,Mystery,Supernatural",NULL,PG-13 - Teens 13 or older
White Album 2,7.66,831,"214,145",TV,13,None found,Satelight,"Drama,Romance,Slice of Life",NULL,PG-13 - Teens 13 or older
Neon Genesis Evangelion: Death & Rebirth,7.45,832,"213,747",Movie,1,"GKIDS,Manga Entertainment","Gainax,       Production I.G","Drama,Sci-Fi",NULL,R - 17+ (violence & profanity)
Himouto! Umaru-chan R,7.34,833,"214,246",TV,12,Sentai Filmworks,Doga Kobo,"Comedy,Slice of Life",Seinen,PG-13 - Teens 13 or older
Psycho-Pass 3,7.49,835,"214,056",TV,8,None found,Production I.G,"Action,Sci-Fi,Suspense",NULL,R - 17+ (violence & profanity)
Mieruko-chan,7.48,834,"212,279",TV,12,None found,Passione,"Comedy,Horror,Supernatural",NULL,PG-13 - Teens 13 or older
Higurashi no Naku Koro ni Gou,7.22,836,"214,299",TV,24,Funimation,Passione,"Avant Garde,Horror,Mystery,Supernatural,Suspense",NULL,R - 17+ (violence & profanity)
Noblesse,6.84,837,"214,161",TV,13,None found,Production I.G,"Action,Supernatural",NULL,R - 17+ (violence & profanity)
Bleach Movie 2: The DiamondDust Rebellion - Mou Hitotsu no Hyourinmaru,7.43,838,"212,028",Movie,1,VIZ Media,Studio Pierrot,"Action,Adventure,Comedy,Supernatural",Shounen,PG-13 - Teens 13 or older
Natsume Yuujinchou Shi,8.66,839,"212,398",TV,13,"NIS America,Inc.",Brain's Base,"Drama,Slice of Life,Supernatural",Shoujo,PG-13 - Teens 13 or older
Death Billiards,7.91,840,"211,586",Movie,1,Funimation,Madhouse,"Drama,Mystery,Suspense",NULL,R - 17+ (violence & profanity)
One Piece Film: Z,8.16,841,"212,026",Movie,1,Funimation,Toei Animation,"Action,Adventure,Comedy,Drama,Fantasy",Shounen,PG-13 - Teens 13 or older
Bokura ga Ita,7.28,842,"210,995",TV,26,None found,Artland,"Drama,Romance,Slice of Life",Shoujo,PG-13 - Teens 13 or older
Koi to Senkyo to Chocolate,7.04,843,"210,727",TV,12,Sentai Filmworks,AIC Build,"Drama,Romance",NULL,PG-13 - Teens 13 or older
Devils Line,6.83,844,"211,599",TV,12,Sentai Filmworks,Platinum Vision,"Action,Drama,Romance,Supernatural",Seinen,R - 17+ (violence & profanity)
Steins Gate: Kyoukaimenjou no Missing Link - Divide By Zero,8.24,845,"210,860",Special,1,None found,White Fox,"Sci-Fi,Suspense",NULL,PG-13 - Teens 13 or older
Kara no Kyoukai 2: Satsujin Kousatsu (Zen),7.82,846,"209,616",Movie,1,Aniplex of America,ufotable,"Action,Mystery,Romance,Supernatural,Suspense",NULL,R - 17+ (violence & profanity)
Persona 5 the Animation,6.44,847,"210,379",TV,26,Aniplex of America,CloverWorks,"Action,Fantasy,Supernatural",NULL,R - 17+ (violence & profanity)
"Tokyo Ghoul: ""Jack""",7.33,848,"210,451",OVA,1,Funimation,Studio Pierrot,"Action,Drama,Horror,Supernatural",Seinen,R - 17+ (violence & profanity)
Genjitsu Shugi Yuusha no Oukoku Saikenki,7.2,849,"208,746",TV,13,Funimation,J.C.Staff,"Action,Fantasy,Romance",NULL,PG-13 - Teens 13 or older
Koyomimonogatari,7.65,850,"209,764",ONA,12,Aniplex of America,Shaft,"Comedy,Mystery,Supernatural",NULL,R - 17+ (violence & profanity)
Binbougami ga!,7.7,851,"208,681",TV,13,Funimation,Sunrise,"Comedy,Supernatural",Shounen,PG-13 - Teens 13 or older
Hataraku Saibou!!,7.32,852,"210,160",TV,8,Aniplex of America,David Production,NULL,Shounen,PG-13 - Teens 13 or older
Ghost Hunt,7.78,853,"207,951",TV,25,Funimation,J.C.Staff,"Horror,Mystery,Supernatural",Shoujo,PG-13 - Teens 13 or older
Chrno Crusade,7.64,854,"207,750",TV,24,"ADV Films,Funimation",Gonzo,"Action,Romance,Supernatural",Shounen,R - 17+ (violence & profanity)
Sidonia no Kishi,7.66,855,"207,763",TV,12,"Funimation,Sentai Filmworks",Polygon Pictures,"Action,Sci-Fi",Seinen,R - 17+ (violence & profanity)
Tsubasa Chronicle,7.53,856,"207,460",TV,26,Funimation,Bee Train,"Action,Adventure,Fantasy,Romance,Supernatural",Shounen,PG-13 - Teens 13 or older
Knight's & Magic,7.1,857,"209,028",TV,13,Funimation,8bit,"Action,Fantasy",NULL,PG-13 - Teens 13 or older
Shingeki no Bahamut: Virgin Soul,7.44,858,"208,389",TV,24,None found,MAPPA,"Action,Adventure,Fantasy,Supernatural",NULL,R - 17+ (violence & profanity)
Kara no Kyoukai 5: Mujun Rasen,8.55,859,"207,463",Movie,1,Aniplex of America,ufotable,"Action,Drama,Mystery,Romance,Supernatural,Suspense",NULL,R - 17+ (violence & profanity)
Fate/Grand Order: Zettai Majuu Sensen Babylonia,7.94,860,"209,305",TV,21,Aniplex of America,CloverWorks,"Action,Fantasy,Supernatural",NULL,PG-13 - Teens 13 or older
Kuroshitsuji: Book of Murder,8.08,861,"208,137",OVA,2,Funimation,A-1 Pictures,"Action,Comedy,Mystery,Supernatural",Shounen,R - 17+ (violence & profanity)
Josee to Tora to Sakana-tachi,8.54,862,"213,772",Movie,1,Funimation,Bones,"Drama,Romance,Slice of Life",NULL,PG-13 - Teens 13 or older
Midara na Ao-chan wa Benkyou ga Dekinai,6.75,863,"208,452",TV,12,Sentai Filmworks,SILVER LINK.,"Comedy,Romance,Ecchi",Shounen,PG-13 - Teens 13 or older
Hayate no Gotoku!,7.54,864,"205,834",TV,52,"Bandai Entertainment,Sentai Filmworks",SynergySP,"Action,Comedy,Romance",Shounen,PG-13 - Teens 13 or older
High Score Girl,7.81,865,"206,484",TV,12,Netflix,J.C.Staff,"Comedy,Romance",Seinen,PG-13 - Teens 13 or older
Kamisama ni Natta Hi,6.81,866,"206,921",TV,12,Aniplex of America,P.A. Works,"Drama,Fantasy",NULL,PG-13 - Teens 13 or older
Diamond no Ace,8.11,867,"205,638",TV,75,None found,"Production I.G,       Madhouse","Comedy,Sports",Shounen,PG-13 - Teens 13 or older
Kaguya-sama wa Kokurasetai: Ultra Romantic,N/A,868,"212,893",TV,Unknown,None found,None found,"Comedy,Romance",Seinen,PG-13 - Teens 13 or older
Texhnolyze,7.77,869,"204,621",TV,22,"Funimation,Geneon Entertainment USA",Madhouse,"Action,Drama,Sci-Fi",NULL,R+ - Mild Nudity
Gochuumon wa Usagi Desu ka?,7.5,870,"204,816",TV,12,Sentai Filmworks,White Fox,"Comedy,Slice of Life",NULL,PG-13 - Teens 13 or older
Doukyuusei (Movie),8.32,871,"206,509",Movie,1,Aniplex of America,A-1 Pictures,"Boys Love,Romance,Slice of Life",NULL,PG-13 - Teens 13 or older
Yu☆Gi☆Oh!,7.2,872,"204,123",TV,27,None found,Toei Animation,"Action,Comedy,Fantasy",Shounen,PG-13 - Teens 13 or older
Naruto: Shippuuden Movie 4 - The Lost Tower,7.42,873,"204,202",Movie,1,VIZ Media,Studio Pierrot,"Action,Comedy",Shounen,PG-13 - Teens 13 or older
Toaru Majutsu no Index III,6.79,874,"204,973",TV,26,Funimation,J.C.Staff,"Action,Sci-Fi",NULL,PG-13 - Teens 13 or older
Koukaku Kidoutai: Stand Alone Complex 2nd GIG,8.53,875,"203,529",TV,26,"Bandai Entertainment,Manga Entertainment",Production I.G,"Action,Mystery,Sci-Fi",Seinen,R - 17+ (violence & profanity)
Terra Formars,7.02,876,"203,916",TV,13,VIZ Media,LIDENFILMS,"Action,Drama,Horror,Sci-Fi",Seinen,R - 17+ (violence & profanity)
Punch Line,6.96,877,"205,230",TV,12,Sentai Filmworks,MAPPA,"Comedy,Sci-Fi,Supernatural,Ecchi",NULL,PG-13 - Teens 13 or older
Dance in the Vampire Bund,7.03,878,"203,435",TV,12,Funimation,Shaft,"Action,Drama,Romance,Supernatural",Seinen,R+ - Mild Nudity
Shingeki! Kyojin Chuugakkou,7.16,879,"205,176",TV,12,Funimation,Production I.G,NULL,Shounen,PG-13 - Teens 13 or older
Chihayafuru 2,8.41,880,"203,610",TV,25,Sentai Filmworks,Madhouse,"Drama,Slice of Life,Sports",Josei,PG-13 - Teens 13 or older
Mirai Nikki,7.23,881,"203,266",OVA,1,None found,asread.,"Action,Supernatural",Shounen,R - 17+ (violence & profanity)
Sirius,7.01,882,"204,763",TV,12,Netflix,P.A. Works,"Action,Supernatural",NULL,R - 17+ (violence & profanity)
One Outs,8.34,883,"203,113",TV,25,None found,Madhouse,NULL,Seinen,PG-13 - Teens 13 or older
Youjo Senki Movie,8.25,884,"204,710",Movie,1,None found,Nut,NULL,NULL,R - 17+ (violence & profanity)
Digimon Adventure 02,7.23,885,"202,414",TV,50,"Saban Entertainment,Flatiron Film Company",Toei Animation,"Action,Adventure,Comedy,Drama,Fantasy",Kids,PG - Children
Chuunibyou demo Koi ga Shitai! Movie: Take On Me,8.14,886,"204,755",Movie,1,Sentai Filmworks,Kyoto Animation,"Comedy,Drama,Romance,Slice of Life",NULL,PG-13 - Teens 13 or older
Kuragehime,8.12,887,"201,973",TV,11,Funimation,Brain's Base,"Comedy,Slice of Life",Josei,PG-13 - Teens 13 or older
Tsuki ga Michibiku Isekai Douchuu,7.75,888,"201,317",TV,12,None found,C2C,"Action,Adventure,Comedy,Fantasy",NULL,PG-13 - Teens 13 or older
Ousama Game The Animation,5.01,889,"202,545",TV,12,Funimation,Seven,"Drama,Horror,Mystery,Supernatural",NULL,R - 17+ (violence & profanity)
Canaan,7.25,891,"201,103",TV,13,Sentai Filmworks,P.A. Works,"Action,Sci-Fi,Supernatural",Seinen,R - 17+ (violence & profanity)
SKET Dance,8.23,892,"201,323",TV,77,None found,Tatsunoko Production,NULL,Shounen,PG-13 - Teens 13 or older
Blue Period,7.75,890,"200,816",TV,Unknown,None found,Seven Arcs,"Drama,Slice of Life",Seinen,PG-13 - Teens 13 or older
Yowamushi Pedal,7.96,893,"201,182",TV,38,Discotek Media,TMS Entertainment,"Comedy,Drama,Sports",Shounen,PG-13 - Teens 13 or older
Kamisama no Inai Nichiyoubi,7.32,894,"200,921",TV,12,Sentai Filmworks,Madhouse,"Adventure,Fantasy,Mystery",NULL,R - 17+ (violence & profanity)
Bleach Movie 3: Fade to Black - Kimi no Na wo Yobu,7.5,895,"200,285",Movie,1,VIZ Media,Studio Pierrot,"Action,Adventure,Comedy,Supernatural",Shounen,PG-13 - Teens 13 or older
Pokemon: The Origin,7.74,896,"200,343",Special,4,The Pokemon Company International,"Production I.G,       Xebec,       OLM","Action,Adventure,Comedy,Fantasy",Kids,PG - Children
Hajime no Ippo: Rising,8.58,897,"200,430",TV,25,None found,"Madhouse,       MAPPA","Comedy,Drama,Sports",Shounen,PG-13 - Teens 13 or older
Odd Taxi,8.79,898,"207,072",TV,13,None found,"OLM,       P.I.C.S.",NULL,NULL,PG-13 - Teens 13 or older
Aoharu x Kikanjuu,7.17,899,"200,147",TV,12,Sentai Filmworks,Brain's Base,"Action,Comedy,Sports",Shounen,PG-13 - Teens 13 or older
Mayoiga,5.51,900,"200,043",TV,12,Ponycan USA,Diomedéa,"Comedy,Drama,Horror,Mystery",NULL,R - 17+ (violence & profanity)
Tiger & Bunny,7.9,901,"199,780",TV,25,VIZ Media,Sunrise,"Action,Comedy,Mystery",NULL,PG-13 - Teens 13 or older
Yahari Ore no Seishun Love Comedy wa Machigatteiru. Zoku OVA,8.06,902,"200,541",OVA,1,None found,feel.,"Comedy,Romance",NULL,PG-13 - Teens 13 or older
Final Fantasy VII: Advent Children,7.74,903,"199,215",Movie,1,Sony Pictures Entertainment,Square Enix,"Action,Fantasy",NULL,PG-13 - Teens 13 or older
100-man no Inochi no Ue ni Ore wa Tatteiru,6.48,904,"202,271",TV,12,Crunchyroll,Maho Film,"Action,Drama,Fantasy",Shounen,PG-13 - Teens 13 or older
Kantai Collection: KanColle,6.86,905,"199,060",TV,12,"Funimation,Crunchyroll",Diomedéa,"Action,Sci-Fi,Slice of Life",NULL,PG-13 - Teens 13 or older
Kara no Kyoukai 3: Tsuukaku Zanryuu,8.05,906,"199,128",Movie,1,Aniplex of America,ufotable,"Action,Drama,Mystery,Supernatural,Suspense",NULL,R+ - Mild Nudity
Naruto Movie 2: Dai Gekitotsu! Maboroshi no Chiteiiseki Dattebayo!,6.87,907,"198,946",Movie,1,VIZ Media,Studio Pierrot,"Adventure,Comedy,Drama,Fantasy,Supernatural",Shounen,PG-13 - Teens 13 or older
Big Order (TV),5.38,908,"199,844",TV,10,"Discotek Media,Crunchyroll",asread.,NULL,Shounen,R+ - Mild Nudity
"Kimi to Boku no Saigo no Senjou, Aruiwa Sekai ga Hajimaru Seisen",6.59,909,"201,390",TV,12,Funimation,SILVER LINK.,"Action,Fantasy,Romance",NULL,PG-13 - Teens 13 or older
Grisaia no Meikyuu: Caprice no Mayu 0,7.88,910,"199,270",Special,1,Sentai Filmworks,8bit,NULL,NULL,R+ - Mild Nudity
Kono Oto Tomare!,7.89,911,"201,209",TV,13,Funimation,Platinum Vision,"Drama,Romance",Shounen,PG-13 - Teens 13 or older
True Tears,7.33,912,"197,935",TV,13,"Bandai Entertainment,Discotek Media,Bandai Visual USA",P.A. Works,"Drama,Romance",NULL,PG-13 - Teens 13 or older
Umineko no Naku Koro ni,7.09,913,"197,804",TV,26,"NIS America,Inc.",Studio Deen,"Horror,Mystery,Supernatural",NULL,R - 17+ (violence & profanity)
Ushio to Tora (TV),7.58,914,"198,449",TV,26,Sentai Filmworks,"MAPPA,       Studio VOLN","Action,Adventure,Comedy,Supernatural",Shounen,PG-13 - Teens 13 or older
Mobile Suit Gundam 00,8.13,915,"197,266",TV,25,Bandai Entertainment,Sunrise,"Action,Drama,Sci-Fi",NULL,R - 17+ (violence & profanity)
Shugo Chara!,7.4,916,"196,356",TV,51,None found,Satelight,NULL,Shoujo,PG - Children
One Piece Film: Strong World,8.14,917,"196,705",Movie,1,Funimation,Toei Animation,"Action,Adventure,Comedy,Drama,Fantasy",Shounen,PG-13 - Teens 13 or older
Nijiiro Days,7.3,918,"197,421",TV,24,Funimation,Production Reed,"Comedy,Romance,Slice of Life",Shoujo,PG-13 - Teens 13 or older
Shaman King (2021),6.66,919,"195,805",TV,52,None found,Bridge,"Adventure,Comedy,Supernatural",Shounen,PG-13 - Teens 13 or older
07-Ghost,7.21,920,"195,821",TV,25,Discotek Media,Studio Deen,"Action,Fantasy",Josei,PG-13 - Teens 13 or older
Tonari no Seki-kun,7.56,921,"195,665",TV,21,Sentai Filmworks,Shin-Ei Animation,NULL,Seinen,G - All Ages
Gintama Movie 2: Kanketsu-hen - Yorozuya yo Eien Nare,8.94,922,"195,859",Movie,1,None found,Sunrise,"Action,Comedy,Sci-Fi",Shounen,PG-13 - Teens 13 or older
Princess Lover!,6.73,923,"195,181",TV,12,None found,GoHands,"Comedy,Ecchi",NULL,R+ - Mild Nudity
Tenkuu Shinpan,6.79,924,"199,896",ONA,12,None found,Zero-G,"Action,Horror,Mystery",NULL,R - 17+ (violence & profanity)
Kurenai no Buta,7.96,925,"194,574",Movie,1,"Walt Disney Studios,GKIDS",Studio Ghibli,"Action,Adventure,Comedy,Drama,Romance",NULL,G - All Ages
Karneval (TV),7.11,926,"194,565",TV,13,Funimation,Manglobe,"Action,Fantasy,Mystery,Sci-Fi",Josei,PG-13 - Teens 13 or older
Seirei Gensouki,7.03,927,"193,641",TV,12,None found,TMS Entertainment,"Action,Adventure,Drama,Fantasy,Romance",NULL,PG-13 - Teens 13 or older
Tatoeba Last Dungeon Mae no Mura no Shounen ga Joban no Machi de Kurasu Youna Monogatari,6.34,928,"195,865",TV,12,Funimation,LIDENFILMS,"Adventure,Fantasy",NULL,PG-13 - Teens 13 or older
Sekaiichi Hatsukoi,7.71,929,"193,431",TV,12,Funimation,Studio Deen,"Boys Love,Comedy,Drama,Romance",NULL,PG-13 - Teens 13 or older
Seirei no Moribito,8.15,930,"192,791",TV,26,"VIZ Media,Media Blasters,Sentai Filmworks,Geneon Entertainment USA",Production I.G,"Action,Adventure,Fantasy",NULL,PG-13 - Teens 13 or older
Choujin Koukousei-tachi wa Isekai demo Yoyuu de Ikinuku you desu!,6.35,931,"195,090",TV,12,None found,Project No.9,NULL,NULL,PG-13 - Teens 13 or older
Fate/stay night Movie: Unlimited Blade Works,7.38,932,"192,789",Movie,1,Sentai Filmworks,Studio Deen,"Action,Fantasy,Supernatural",NULL,R - 17+ (violence & profanity)
Joker Game,7.04,933,"192,941",TV,12,"Funimation,Crunchyroll",Production I.G,NULL,NULL,R - 17+ (violence & profanity)
Chuunibyou demo Koi ga Shitai!: Kirameki no... Slapstick Noel,7.5,934,"193,107",Special,1,Sentai Filmworks,Kyoto Animation,"Comedy,Drama,Romance,Slice of Life",NULL,PG-13 - Teens 13 or older
Seiren,6.29,935,"194,000",TV,12,None found,"Studio Gokumi,       AXsiZ",NULL,NULL,PG-13 - Teens 13 or older
Honzuki no Gekokujou: Shisho ni Naru Tame ni wa Shudan wo Erandeiraremasen,8.01,936,"194,207",TV,14,Crunchyroll,Ajia-Do,"Fantasy,Slice of Life",NULL,PG-13 - Teens 13 or older
"Kumo no Mukou, Yakusoku no Basho",7.51,937,"191,915",Movie,1,ADV Films,CoMix Wave Films,"Drama,Romance,Sci-Fi",NULL,PG-13 - Teens 13 or older
Osananajimi ga Zettai ni Makenai Love Comedy,6.11,938,"194,397",TV,12,None found,Doga Kobo,"Comedy,Romance",NULL,PG-13 - Teens 13 or older
Boogiepop wa Warawanai (2019),7.09,939,"192,959",TV,18,Funimation,Madhouse,"Avant Garde,Drama,Horror,Mystery,Supernatural",NULL,R - 17+ (violence & profanity)
Chrome Shelled Regios,7.31,940,"191,753",TV,24,Funimation,Zexcs,"Action,Adventure,Fantasy,Sci-Fi",NULL,R - 17+ (violence & profanity)
Kujira no Kora wa Sajou ni Utau,7.18,941,"192,757",TV,12,Netflix,J.C.Staff,"Drama,Fantasy,Mystery",Shoujo,PG-13 - Teens 13 or older
Naruto: Shippuuden Movie 5 - Blood Prison,7.45,942,"192,400",Movie,1,VIZ Media,Studio Pierrot,"Action,Adventure,Mystery",Shounen,PG-13 - Teens 13 or older
Princess Connect! Re:Dive,7.03,943,"193,510",TV,13,None found,CygamesPictures,"Action,Adventure,Comedy,Fantasy",NULL,PG-13 - Teens 13 or older
Aoi Bungaku Series,7.72,944,"190,629",TV,12,None found,Madhouse,"Drama,Suspense",Seinen,R - 17+ (violence & profanity)
Ladies versus Butlers!,6.6,945,"189,601",TV,12,Media Blasters,Xebec,"Comedy,Romance,Ecchi",NULL,R+ - Mild Nudity
Kareshi Kanojo no Jijou,7.6,946,"189,352",TV,26,Nozomi Entertainment,"Gainax,       J.C.Staff","Comedy,Drama,Romance,Slice of Life",Shoujo,PG-13 - Teens 13 or older
Detroit Metal City,8.13,947,"189,009",OVA,12,Sentai Filmworks,Studio 4°C,NULL,Seinen,R - 17+ (violence & profanity)
Mobile Suit Gundam: Iron-Blooded Orphans,8.03,948,"189,987",TV,25,Funimation,Sunrise,"Action,Drama,Sci-Fi",NULL,R - 17+ (violence & profanity)
Isekai Quartet 2,7.37,949,"190,155",TV,12,Funimation,Studio PuYUKAI,"Comedy,Fantasy",NULL,PG-13 - Teens 13 or older
Sakurako-san no Ashimoto ni wa Shitai ga Umatteiru,7.43,950,"189,215",TV,12,Sentai Filmworks,TROYCA,"Drama,Mystery,Suspense",NULL,R - 17+ (violence & profanity)
Seikoku no Dragonar,6.47,951,"188,617",TV,12,Funimation,C-Station,"Comedy,Fantasy,Ecchi",NULL,R+ - Mild Nudity
"Kono Naka ni Hitori, Imouto ga Iru!",6.56,952,"188,033",TV,12,Sentai Filmworks,Studio Gokumi,"Comedy,Mystery,Romance,Ecchi",NULL,R+ - Mild Nudity
Kara no Kyoukai 4: Garan no Dou,7.87,953,"187,893",Movie,1,Aniplex of America,ufotable,"Action,Mystery,Supernatural,Suspense",NULL,R - 17+ (violence & profanity)
Poputepipikku,7.28,954,"188,304",TV,12,"Funimation,Sentai Filmworks",Kamikaze Douga,NULL,NULL,PG-13 - Teens 13 or older
Hibike! Euphonium 2,8.3,955,"188,315",TV,13,Ponycan USA,Kyoto Animation,NULL,NULL,PG-13 - Teens 13 or older
Asu no Yoichi!,6.74,956,"187,193",TV,12,Sentai Filmworks,AIC,"Comedy,Romance,Ecchi",Shounen,PG-13 - Teens 13 or older
Re:Zero kara Hajimeru Isekai Seikatsu - Hyouketsu no Kizuna,7.6,957,"188,763",Movie,1,None found,White Fox,"Drama,Fantasy,Suspense",NULL,PG-13 - Teens 13 or older
Servant x Service,7.65,958,"186,954",TV,13,Aniplex of America,A-1 Pictures,"Comedy,Slice of Life",Seinen,PG-13 - Teens 13 or older
Rozen Maiden,7.42,959,"186,311",TV,12,"Sentai Filmworks,Geneon Entertainment USA",Nomad,"Action,Comedy,Drama",Seinen,PG-13 - Teens 13 or older
Bungou Stray Dogs: Dead Apple,7.89,960,"188,782",Movie,1,Crunchyroll,Bones,"Action,Comedy,Mystery,Supernatural",NULL,R - 17+ (violence & profanity)
Goblin Slayer: Goblin's Crown,7.22,961,"188,145",Movie,1,None found,White Fox,"Action,Adventure,Fantasy",NULL,R - 17+ (violence & profanity)
Berserk: Ougon Jidai-hen I - Haou no Tamago,7.73,962,"186,382",Movie,1,"VIZ Media,NYAV Post",Studio 4°C,"Action,Adventure,Fantasy,Supernatural",Seinen,R+ - Mild Nudity
Log Horizon: Entaku Houkai,7.04,963,"186,988",TV,12,Funimation,Studio Deen,"Action,Adventure,Fantasy",NULL,PG-13 - Teens 13 or older
Rewrite,6.67,964,"186,232",TV,13,None found,8bit,"Action,Comedy,Romance,Supernatural",NULL,PG-13 - Teens 13 or older
Arcana Famiglia,6.26,965,"185,570",TV,12,Sentai Filmworks,J.C.Staff,"Action,Romance,Supernatural",Shoujo,PG-13 - Teens 13 or older
Fairy Tail Movie 1: Houou no Miko,7.38,966,"185,674",Movie,1,Funimation,"Satelight,       A-1 Pictures","Action,Adventure,Comedy,Fantasy",Shounen,PG-13 - Teens 13 or older
Mahou Shoujo Site,6.51,967,"186,848",TV,12,Sentai Filmworks,production doA,"Drama,Horror,Supernatural",NULL,R - 17+ (violence & profanity)
Fate/Extra: Last Encore,6.28,968,"186,587",TV,10,None found,Shaft,"Action,Fantasy",NULL,R - 17+ (violence & profanity)
Tengen Toppa Gurren Lagann Movie 2: Lagann-hen,8.57,969,"185,085",Movie,1,Aniplex of America,Gainax,"Action,Sci-Fi",NULL,R+ - Mild Nudity
Rail Wars!,6.4,970,"185,308",TV,12,Sentai Filmworks,Passione,"Action,Ecchi",NULL,R+ - Mild Nudity
Toaru Kagaku no Accelerator,7.19,971,"184,842",TV,12,Funimation,"J.C.Staff,       A.C.G.T.","Fantasy,Supernatural",NULL,R - 17+ (violence & profanity)
Yu☆Gi☆Oh!: Duel Monsters GX,7.16,972,"183,371",TV,180,"4Kids Entertainment,Flatiron Film Company",Gallop,"Action,Comedy,Fantasy",Shounen,PG-13 - Teens 13 or older
Aku no Hana,7.15,973,"183,592",TV,13,Sentai Filmworks,Zexcs,"Drama,Romance",Shounen,R - 17+ (violence & profanity)
Soul Eater NOT!,5.92,974,"182,982",TV,12,Funimation,Bones,"Action,Comedy,Supernatural,Ecchi",Shounen,PG-13 - Teens 13 or older
Isekai Shokudou,7.36,975,"185,984",TV,12,Funimation,SILVER LINK.,"Fantasy,Gourmet,Slice of Life",NULL,PG-13 - Teens 13 or older
"Sekai Saikou no Ansatsusha, Isekai Kizoku ni Tensei suru",7.71,976,"182,124",TV,12,None found,"SILVER LINK.,       Studio Palette","Action,Fantasy",NULL,PG-13 - Teens 13 or older
"Maou-sama, Retry!",6.53,977,"182,857",TV,12,Funimation,EKACHI EPILKA,"Action,Adventure,Fantasy",NULL,PG-13 - Teens 13 or older
Hoshi wo Ou Kodomo,7.55,978,"181,470",Movie,1,Sentai Filmworks,CoMix Wave Films,"Adventure,Fantasy,Romance",NULL,PG-13 - Teens 13 or older
Kara no Kyoukai 7: Satsujin Kousatsu (Go),8.42,979,"180,957",Movie,1,Aniplex of America,ufotable,"Action,Mystery,Romance,Supernatural,Suspense",NULL,R - 17+ (violence & profanity)
High School DxD Specials,7.27,980,"181,063",Special,6,Funimation,TNK,"Comedy,Romance,Ecchi",NULL,R+ - Mild Nudity
Mairimashita! Iruma-kun 2nd Season,8.1,981,"180,084",TV,21,None found,Bandai Namco Pictures,"Comedy,Fantasy,Supernatural",Shounen,PG-13 - Teens 13 or older
Hitsugi no Chaika: Avenging Battle,7.19,982,"180,915",TV,10,Sentai Filmworks,Bones,"Action,Adventure,Comedy,Fantasy,Romance",NULL,R - 17+ (violence & profanity)
Uta no☆Prince-sama♪: Maji Love 1000%,7.05,983,"180,406",TV,13,Sentai Filmworks,A-1 Pictures,"Comedy,Romance",Shoujo,PG-13 - Teens 13 or older
Zoku Owarimonogatari,8.48,984,"181,274",Movie,6,Aniplex of America,Shaft,"Comedy,Mystery,Supernatural",NULL,R - 17+ (violence & profanity)
Berserk: Ougon Jidai-hen III - Kourin,8.2,985,"180,065",Movie,1,"VIZ Media,NYAV Post",Studio 4°C,"Action,Adventure,Drama,Fantasy,Horror,Supernatural",Seinen,R+ - Mild Nudity
Kill la Kill Specials,7.7,986,"179,244",Special,2,Aniplex of America,Trigger,"Action,Comedy",NULL,R - 17+ (violence & profanity)
Dragon Ball Z Movie 14: Kami to Kami,7.39,987,"178,563",Movie,1,Funimation,Toei Animation,"Action,Adventure,Fantasy",Shounen,PG-13 - Teens 13 or older
Paradise Kiss,7.84,988,"178,088",TV,12,Geneon Entertainment USA,Madhouse,"Comedy,Drama,Romance,Slice of Life",Josei,R - 17+ (violence & profanity)
Itsudatte Bokura no Koi wa 10 cm Datta.,7.49,989,"178,714",TV,6,Aniplex of America,Lay-duce,"Comedy,Drama,Romance",NULL,PG-13 - Teens 13 or older
Bokusatsu Tenshi Dokuro-chan,6.56,990,"177,192",OVA,4,"Media Blasters,Discotek Media","Hal Film Maker,       Nomad","Comedy,Ecchi",NULL,R - 17+ (violence & profanity)
Occultic Nine,6.92,991,"177,385",TV,12,Aniplex of America,A-1 Pictures,"Mystery,Sci-Fi",NULL,PG-13 - Teens 13 or older
Plastic Neesan,7.23,992,"177,282",ONA,12,None found,"Barnum Studio,       TYO Animations",NULL,Seinen,PG-13 - Teens 13 or older
Toaru Kagaku no Railgun T,8.21,993,"178,451",TV,25,Funimation,J.C.Staff,"Action,Sci-Fi",NULL,R - 17+ (violence & profanity)
Mahou Shoujo Madoka★Magica Movie 2: Eien no Monogatari,8.38,994,"177,188",Movie,1,Aniplex of America,Shaft,"Drama,Suspense",NULL,PG-13 - Teens 13 or older
Seitokai no Ichizon,7.34,995,"176,934",TV,12,Sentai Filmworks,Studio Deen,NULL,NULL,PG-13 - Teens 13 or older
Shoujo Kakumei Utena,8.18,996,"176,616",TV,39,"Nozomi Entertainment,Central Park Media",J.C.Staff,"Comedy,Drama,Fantasy,Mystery",Shoujo,PG-13 - Teens 13 or older
Asobi ni Iku yo!,6.62,997,"176,310",TV,12,Funimation,AIC PLUS+,"Comedy,Romance,Sci-Fi,Ecchi",NULL,R+ - Mild Nudity
"Elfen Lied: Tooriame nite Arui wa, Shoujo wa Ikani Shite Sono Shinjou ni Itatta ka? - Regenschauer",7.17,998,"176,032",Special,1,ADV Films,Arms,"Drama,Horror,Supernatural,Ecchi",Seinen,R+ - Mild Nudity
Love Lab,7.33,999,"176,452",TV,13,Sentai Filmworks,Doga Kobo,"Comedy,Romance",NULL,PG-13 - Teens 13 or older
Hitoribocchi no Marumaru Seikatsu,7.5,1000,"177,647",TV,12,None found,C2C,"Comedy,Slice of Life",Shounen,PG-13 - Teens 13 or older
Bleach Movie 4: Jigoku-hen,7.6,1001,"175,813",Movie,1,VIZ Media,Studio Pierrot,"Action,Adventure,Comedy,Supernatural",Shounen,PG-13 - Teens 13 or older
Kaguya-hime no Monogatari,8.21,1002,"176,373",Movie,1,GKIDS,Studio Ghibli,NULL,NULL,G - All Ages
Hataraku Saibou Black (TV),7.55,1003,"177,039",TV,13,Aniplex of America,LIDENFILMS,"Action,Drama",Seinen,PG-13 - Teens 13 or older
Naruto Movie 3: Dai Koufun! Mikazuki Jima no Animaru Panikku Dattebayo!,6.9,1004,"175,305",Movie,1,VIZ Media,Studio Pierrot,"Action,Adventure",NULL,PG-13 - Teens 13 or older
Zutto Mae kara Suki deshita.: Kokuhaku Jikkou Iinkai,7.24,1005,"176,622",Movie,1,Aniplex of America,Qualia Animation,NULL,NULL,PG-13 - Teens 13 or older
"Tokyo Ghoul: ""Pinto""",7.23,1006,"175,693",OVA,1,Funimation,Studio Pierrot,"Action,Drama,Horror,Mystery,Supernatural",NULL,R - 17+ (violence & profanity)
Mahou Shoujo Madoka★Magica Movie 1: Hajimari no Monogatari,8.23,1007,"174,723",Movie,1,Aniplex of America,Shaft,"Drama,Suspense",NULL,PG-13 - Teens 13 or older
Digimon Tamers,7.63,1008,"174,355",TV,51,"Saban Entertainment,Flatiron Film Company",Toei Animation,"Adventure,Comedy,Drama,Fantasy",Shounen,PG - Children
Princess Principal,7.71,1009,"175,073",TV,12,Sentai Filmworks,"Actas,       Studio 3Hz","Action,Mystery",NULL,R - 17+ (violence & profanity)
D.N.Angel,7.18,1010,"174,186",TV,26,"ADV Films,Discotek Media",Xebec,"Action,Comedy,Fantasy,Romance",Shoujo,PG-13 - Teens 13 or older
Papa no Iukoto wo Kikinasai!,7.3,1011,"173,805",TV,12,Sentai Filmworks,feel.,"Comedy,Romance,Slice of Life",NULL,PG-13 - Teens 13 or older
Shinryaku! Ika Musume,7.44,1012,"173,616",TV,12,"Media Blasters,Sentai Filmworks",Diomedéa,"Comedy,Slice of Life",Shounen,PG-13 - Teens 13 or older
Myself Yourself,7.16,1013,"173,307",TV,13,Maiden Japan,Doga Kobo,"Drama,Romance",NULL,PG-13 - Teens 13 or older
Isekai no Seikishi Monogatari,7.8,1014,"173,573",OVA,13,Funimation,"AIC Spirits,       BeSTACK","Action,Comedy,Fantasy,Ecchi",NULL,R+ - Mild Nudity
Dog Days,6.91,1015,"173,446",TV,13,None found,Seven Arcs,"Action,Adventure,Fantasy",NULL,PG-13 - Teens 13 or older
Ore no Imouto ga Konnani Kawaii Wake ga Nai Specials,7.38,1016,"173,316",ONA,4,Aniplex of America,AIC Build,"Comedy,Slice of Life",NULL,PG-13 - Teens 13 or older
Tate no Yuusha no Nariagari Season 3,N/A,1017,"176,331",TV,Unknown,None found,None found,"Action,Adventure,Drama,Fantasy",NULL,PG-13 - Teens 13 or older
Danna ga Nani wo Itteiru ka Wakaranai Ken 2 Sure-me,7.35,1018,"173,541",TV,13,None found,Seven,"Comedy,Romance,Slice of Life",Seinen,PG-13 - Teens 13 or older
Higurashi no Naku Koro ni Rei,7.42,1019,"172,815",OVA,5,Sentai Filmworks,Studio Deen,"Comedy,Mystery,Supernatural,Suspense",NULL,PG-13 - Teens 13 or older
Death Note: Rewrite,7.69,1020,"172,390",Special,2,VIZ Media,Madhouse,"Mystery,Supernatural,Suspense",NULL,R - 17+ (violence & profanity)
Gatchaman Crowds,7.31,1021,"171,422",TV,12,Sentai Filmworks,Tatsunoko Production,"Adventure,Sci-Fi",NULL,PG-13 - Teens 13 or older
Berserk: Ougon Jidai-hen II - Doldrey Kouryaku,7.89,1022,"171,752",Movie,1,"VIZ Media,NYAV Post",Studio 4°C,"Action,Adventure,Drama,Fantasy,Horror,Supernatural",Seinen,R+ - Mild Nudity
Kanojo ga Flag wo Oraretara,6.4,1023,"171,249",TV,13,"NIS America,Inc.",Hoods Entertainment,"Comedy,Romance",NULL,PG-13 - Teens 13 or older
Gunslinger Girl,7.4,1024,"170,636",TV,13,Funimation,Madhouse,"Action,Drama,Sci-Fi",NULL,R - 17+ (violence & profanity)
Mo Dao Zu Shi,8.48,1025,"172,656",ONA,15,None found,B.CMAY PICTURES,"Action,Adventure,Mystery,Supernatural",NULL,R - 17+ (violence & profanity)
Burn the Witch,7.13,1026,"171,922",Movie,3,None found,Studio Colorido,"Action,Fantasy",Shounen,PG-13 - Teens 13 or older
Non Non Biyori Repeat,8.19,1027,"170,956",TV,12,Sentai Filmworks,SILVER LINK.,"Comedy,Slice of Life",Seinen,PG-13 - Teens 13 or older
Cross Ange: Tenshi to Ryuu no Rondo,7.4,1028,"170,768",TV,25,Sentai Filmworks,Sunrise,"Action,Sci-Fi",NULL,R - 17+ (violence & profanity)
Osake wa Fuufu ni Natte kara,6.96,1029,"171,272",TV,13,None found,Creators in Pack,"Comedy,Gourmet,Romance,Slice of Life",NULL,PG-13 - Teens 13 or older
Naruto: Shippuuden Movie 3 - Hi no Ishi wo Tsugu Mono,7.33,1030,"170,111",Movie,1,VIZ Media,Studio Pierrot,"Action,Comedy",Shounen,PG-13 - Teens 13 or older
Another: The Other - Inga,7.29,1031,"170,243",OVA,1,None found,P.A. Works,"Horror,Mystery,Suspense",NULL,R - 17+ (violence & profanity)
Carnival Phantasm,7.88,1032,"170,218",OVA,12,None found,Lerche,"Comedy,Supernatural",NULL,PG-13 - Teens 13 or older
Tenjou Tenge,6.9,1033,"169,521",TV,24,"Discotek Media,Geneon Entertainment USA",Madhouse,"Action,Comedy,Ecchi",Shounen,R - 17+ (violence & profanity)
JoJo no Kimyou na Bouken Part 6: Stone Ocean,N/A,1034,"175,315",TV,Unknown,None found,David Production,"Action,Adventure",Shounen,R - 17+ (violence & profanity)
Jinrui wa Suitai Shimashita,7.76,1035,"169,559",TV,12,Sentai Filmworks,AIC ASTA,"Adventure,Comedy,Fantasy",NULL,PG-13 - Teens 13 or older
Sonny Boy,7.68,1037,"169,042",TV,12,Funimation,Madhouse,NULL,NULL,PG-13 - Teens 13 or older
Radiant,6.86,1038,"170,373",TV,21,Funimation,Lerche,"Action,Adventure,Fantasy",NULL,PG-13 - Teens 13 or older
86 Part 2,8.64,1036,"169,119",TV,12,None found,A-1 Pictures,"Action,Drama,Sci-Fi",NULL,R - 17+ (violence & profanity)
D.Gray-man Hallow,7.72,1039,"169,522",TV,13,Funimation,TMS Entertainment,"Action,Adventure",Shounen,R - 17+ (violence & profanity)
"Kobayashi-san Chi no Maid Dragon: Valentine, Soshite Onsen! - Amari Kitai Shinaide Kudasai",7.75,1040,"170,912",Special,1,Funimation,Kyoto Animation,"Comedy,Fantasy,Slice of Life",NULL,PG-13 - Teens 13 or older
"Uchiage Hanabi, Shita kara Miru ka? Yoko kara Miru ka?",6.09,1041,"170,176",Movie,1,"NYAV Post,GKIDS",Shaft,"Romance,Sci-Fi",NULL,PG-13 - Teens 13 or older
Koi to Yobu ni wa Kimochi Warui,7.18,1042,"171,295",TV,12,None found,Nomad,"Comedy,Romance",NULL,PG-13 - Teens 13 or older
Inazuma Eleven,7.62,1043,"168,678",TV,127,None found,OLM,NULL,Shounen,G - All Ages
Flip Flappers,7.66,1044,"168,453",TV,13,Sentai Filmworks,Studio 3Hz,"Adventure,Comedy,Sci-Fi",NULL,PG-13 - Teens 13 or older
Dungeon ni Deai wo Motomeru no wa Machigatteiru Darou ka Movie: Orion no Ya,7.44,1045,"169,296",Movie,1,Sentai Filmworks,J.C.Staff,"Action,Adventure,Comedy,Fantasy,Romance",NULL,PG-13 - Teens 13 or older
Kimetsu no Yaiba: Mugen Ressha-hen,8.46,1046,"167,866",TV,7,None found,ufotable,NULL,Shounen,R - 17+ (violence & profanity)
Tensei shitara Slime Datta Ken OVA,7.48,1047,"169,453",OVA,5,None found,8bit,"Action,Adventure,Comedy,Fantasy",NULL,PG-13 - Teens 13 or older
Kara no Kyoukai 6: Boukyaku Rokuon,7.5,1048,"167,822",Movie,1,Aniplex of America,ufotable,"Action,Mystery,Romance,Supernatural,Suspense",NULL,R - 17+ (violence & profanity)
Date A Live: Date to Date,7.35,1049,"168,085",OVA,1,Funimation,AIC PLUS+,"Comedy,Romance,Sci-Fi",NULL,R+ - Mild Nudity
Basilisk: Kouga Ninpou Chou,7.56,1050,"167,081",TV,24,Funimation,Gonzo,"Action,Adventure,Fantasy,Romance,Supernatural",NULL,R - 17+ (violence & profanity)
Trinity Blood,7.31,1051,"167,042",TV,24,Funimation,Gonzo,"Action,Supernatural",NULL,R - 17+ (violence & profanity)
Michiko to Hatchin,7.84,1052,"167,194",TV,22,Funimation,Manglobe,"Action,Adventure",NULL,R - 17+ (violence & profanity)
Romeo x Juliet,7.62,1053,"166,753",TV,24,Funimation,Gonzo,"Drama,Fantasy,Romance",NULL,PG-13 - Teens 13 or older
.hack//Sign,6.96,1054,"166,484",TV,26,"Funimation,Bandai Entertainment",Bee Train,"Adventure,Fantasy,Mystery,Sci-Fi",NULL,PG-13 - Teens 13 or older
Black★Rock Shooter (OVA),7.11,1055,"166,246",OVA,1,None found,Ordet,"Action,Drama",NULL,PG-13 - Teens 13 or older
"Hachi-nan tte, Sore wa Nai deshou!",6.22,1056,"168,187",TV,12,None found,"SynergySP,       Shin-Ei Animation","Action,Fantasy",NULL,PG-13 - Teens 13 or older
Uchuu Kyoudai,8.51,1057,"166,438",TV,99,Sentai Filmworks,A-1 Pictures,"Comedy,Sci-Fi,Slice of Life",Seinen,PG-13 - Teens 13 or older
Gungrave,7.85,1058,"165,657",TV,26,"Funimation,Geneon Entertainment USA",Madhouse,"Action,Drama,Sci-Fi",Seinen,R - 17+ (violence & profanity)
Colorful (Movie),7.8,1059,"165,865",Movie,1,Sentai Filmworks,"Sunrise,       Ascension","Drama,Slice of Life,Supernatural",NULL,PG-13 - Teens 13 or older
Pupa,3.34,1060,"166,001",TV,12,None found,Studio Deen,"Fantasy,Horror",NULL,R - 17+ (violence & profanity)
Fate/Grand Order: First Order,6.75,1061,"167,063",Special,1,Aniplex of America,Lay-duce,"Action,Fantasy,Supernatural",NULL,PG-13 - Teens 13 or older
Bokura no,7.64,1062,"165,561",TV,24,Discotek Media,Gonzo,"Drama,Sci-Fi",Seinen,R - 17+ (violence & profanity)
Robotics Notes,7.33,1063,"165,628",TV,22,Funimation,Production I.G,"Drama,Mystery,Sci-Fi",NULL,PG-13 - Teens 13 or older
Kiniro Mosaic,7.25,1064,"165,741",TV,12,Sentai Filmworks,Studio Gokumi,"Comedy,Slice of Life",Seinen,PG-13 - Teens 13 or older
Date A Live Movie: Mayuri Judgment,7.35,1065,"166,253",Movie,1,None found,Production IMS,"Romance,Sci-Fi",NULL,PG-13 - Teens 13 or older
Boku no Hero Academia: Training of the Dead,7.28,1066,"165,965",OVA,1,None found,Bones,"Action,Comedy",Shounen,PG-13 - Teens 13 or older
Jormungand: Perfect Order,7.92,1067,"165,003",TV,12,Funimation,White Fox,"Action,Adventure",Seinen,R+ - Mild Nudity
Kino no Tabi: The Beautiful World - The Animated Series,7.6,1068,"165,783",TV,12,Funimation,Lerche,"Action,Adventure,Slice of Life",NULL,R - 17+ (violence & profanity)
Hello World,7.55,1069,"166,956",Movie,1,None found,Graphinica,"Drama,Romance,Sci-Fi",NULL,PG-13 - Teens 13 or older
Eve no Jikan,8.05,1070,"164,023",ONA,6,None found,Studio Rikka,"Sci-Fi,Slice of Life",NULL,PG-13 - Teens 13 or older
Pokemon Movie 02: Maboroshi no Pokemon Lugia Bakutan,7.34,1071,"164,137",Movie,1,"4Kids Entertainment,Warner Bros. Japan",OLM,"Adventure,Comedy,Drama,Fantasy",Kids,PG - Children
Kimi to Boku.,7.68,1072,"164,346",TV,13,None found,J.C.Staff,"Comedy,Drama,Romance,Slice of Life",Shounen,PG-13 - Teens 13 or older
Fullmetal Alchemist: The Sacred Star of Milos,7.29,1073,"164,126",Movie,1,Funimation,Bones,"Action,Adventure,Comedy,Drama,Fantasy",Shounen,R - 17+ (violence & profanity)
Strike the Blood II,7.02,1074,"164,927",OVA,8,None found,"SILVER LINK.,       Connect","Action,Fantasy,Supernatural,Ecchi",NULL,R+ - Mild Nudity
Gugure! Kokkuri-san,7.57,1075,"164,392",TV,12,Sentai Filmworks,TMS Entertainment,"Comedy,Supernatural",Shounen,PG-13 - Teens 13 or older
Kyoukaisenjou no Horizon,7.06,1076,"163,880",TV,13,Sentai Filmworks,Sunrise,"Action,Fantasy,Sci-Fi",NULL,PG-13 - Teens 13 or older
Kyuukyoku Shinka shita Full Dive RPG ga Genjitsu yori mo Kusoge Dattara,6.5,1077,"166,056",TV,12,Funimation,ENGI,"Action,Comedy,Fantasy",NULL,PG-13 - Teens 13 or older
Karin,7.13,1078,"163,568",TV,24,"Funimation,Geneon Entertainment USA",J.C.Staff,"Comedy,Romance,Supernatural",Shounen,PG-13 - Teens 13 or older
Nanatsu no Taizai OVA,7.54,1079,"164,666",OVA,2,None found,A-1 Pictures,"Action,Adventure,Fantasy,Supernatural",Shounen,PG-13 - Teens 13 or older
No Guns Life,6.87,1080,"164,311",TV,12,Funimation,Madhouse,"Action,Drama,Sci-Fi",Seinen,PG-13 - Teens 13 or older
UQ Holder!: Mahou Sensei Negima! 2,6.96,1081,"164,845",TV,12,Sentai Filmworks,J.C.Staff,"Action,Fantasy,Sci-Fi",Shounen,PG-13 - Teens 13 or older
C³,6.62,1082,"163,510",TV,12,Funimation,SILVER LINK.,"Action,Comedy,Supernatural,Ecchi",NULL,R - 17+ (violence & profanity)
Mnemosyne: Mnemosyne no Musume-tachi,7.29,1083,"163,197",TV,6,Funimation,Xebec,"Action,Girls Love,Horror,Sci-Fi,Supernatural",NULL,R+ - Mild Nudity
"Uchi no Ko no Tame naraba, Ore wa Moshikashitara Maou mo Taoseru kamo Shirenai.",7.08,1084,"164,286",TV,12,None found,Maho Film,"Fantasy,Slice of Life",NULL,PG-13 - Teens 13 or older
Baccano! Specials,8.12,1085,"162,833",Special,3,"Funimation,Aniplex of America",Brain's Base,"Action,Comedy,Mystery,Supernatural",NULL,R - 17+ (violence & profanity)
Nourin,6.78,1086,"163,008",TV,12,Funimation,SILVER LINK.,"Comedy,Romance,Ecchi",NULL,PG-13 - Teens 13 or older
Granblue Fantasy The Animation,6.66,1087,"163,587",TV,13,Aniplex of America,A-1 Pictures,"Adventure,Fantasy",NULL,PG-13 - Teens 13 or older
Jahy-sama wa Kujikenai!,7.02,1088,"162,262",TV,20,None found,SILVER LINK.,"Comedy,Supernatural",Shounen,PG-13 - Teens 13 or older
Hyakka Ryouran: Samurai Girls,6.79,1089,"162,391",TV,12,Sentai Filmworks,Arms,"Action,Comedy,Ecchi",NULL,R+ - Mild Nudity
Code Geass: Boukoku no Akito 1 - Yokuryuu wa Maiorita,7.37,1090,"162,427",Movie,1,Funimation,Sunrise,"Action,Sci-Fi",NULL,R - 17+ (violence & profanity)
Kyousou Giga (TV),7.75,1091,"162,086",TV,10,Discotek Media,Toei Animation,"Action,Fantasy,Supernatural",NULL,PG-13 - Teens 13 or older
Initial D Second Stage,8.13,1092,"161,998",TV,13,"Funimation,Tokyopop",Pastel,"Action,Drama,Sports",Seinen,PG-13 - Teens 13 or older
Junjou Romantica 2,7.78,1093,"161,880",TV,12,Nozomi Entertainment,Studio Deen,"Boys Love,Comedy,Drama,Romance",NULL,PG-13 - Teens 13 or older
Eyeshield 21,7.93,1094,"161,512",TV,145,"VIZ Media,Sentai Filmworks",Gallop,"Action,Comedy,Sports",Shounen,PG-13 - Teens 13 or older
Yuru Yuri♪♪,7.84,1095,"161,752",TV,12,"NIS America,Inc.",Doga Kobo,"Comedy,Girls Love,Slice of Life",NULL,PG-13 - Teens 13 or older
Seiken no Blacksmith,6.7,1096,"161,575",TV,12,Funimation,Manglobe,"Action,Adventure,Fantasy",NULL,R+ - Mild Nudity
Saint Seiya,7.75,1097,"161,379",TV,114,"ADV Films,DiC Entertainment,Flatiron Film Company",Toei Animation,"Adventure,Fantasy,Sci-Fi",Shounen,PG-13 - Teens 13 or older
Haiyore! Nyaruko-san W,7.25,1098,"161,579",TV,12,"NIS America,Inc.",Xebec,"Comedy,Sci-Fi",NULL,PG-13 - Teens 13 or older
Rokujouma no Shinryakusha!? (TV),7.15,1099,"161,097",TV,12,Sentai Filmworks,SILVER LINK.,"Comedy,Supernatural",NULL,PG-13 - Teens 13 or older
Brothers Conflict,6.03,1100,"160,923",TV,12,Funimation,Brain's Base,NULL,Shoujo,PG-13 - Teens 13 or older
Genshiken,7.65,1101,"160,150",TV,12,Media Blasters,Palm Studio,"Comedy,Slice of Life",NULL,PG-13 - Teens 13 or older
Watashi ni Tenshi ga Maiorita!,7.32,1102,"161,622",TV,12,None found,Doga Kobo,"Comedy,Girls Love,Slice of Life",NULL,PG-13 - Teens 13 or older
Pokemon Advanced Generation,7.09,1103,"160,069",TV,192,"VIZ Media,4Kids Entertainment,The Pokemon Company International",OLM,"Action,Adventure,Comedy,Fantasy",Kids,PG - Children
Qualidea Code,6.49,1104,"160,747",TV,12,None found,A-1 Pictures,"Action,Supernatural",NULL,PG-13 - Teens 13 or older
Ryuuou no Oshigoto!,6.88,1105,"160,827",TV,12,None found,Project No.9,"Comedy,Slice of Life",NULL,PG-13 - Teens 13 or older
Boku no Pico,4.27,1106,"159,692",OVA,1,None found,"Sugar Boy,       Blue Cat","Boys Love,Hentai",NULL,Rx - Hentai
Busou Renkin,7.33,1107,"159,484",TV,26,VIZ Media,Xebec,"Action,Comedy,Fantasy,Supernatural",Shounen,PG-13 - Teens 13 or older
Saiki Kusuo no Ψ-nan: Ψ-shidou-hen,8.11,1108,"161,668",ONA,6,None found,"J.C.Staff,       Egg Firm","Comedy,Slice of Life,Supernatural",Shounen,PG-13 - Teens 13 or older
Gyakkyou Burai Kaiji: Hakairoku-hen,8.25,1109,"160,451",TV,26,Sentai Filmworks,Madhouse,NULL,Seinen,R - 17+ (violence & profanity)
Hyouka: Motsubeki Mono wa,7.36,1110,"159,763",OVA,1,Funimation,Kyoto Animation,"Mystery,Slice of Life",NULL,PG-13 - Teens 13 or older
Hataage! Kemono Michi,6.64,1111,"160,245",TV,12,Funimation,ENGI,"Comedy,Fantasy",Shounen,PG-13 - Teens 13 or older
Shuumatsu no Izetta,6.76,1112,"159,442",TV,12,"Funimation,Crunchyroll",Ajia-Do,NULL,NULL,R - 17+ (violence & profanity)
Kokkoku,7.01,1113,"159,471",TV,12,Sentai Filmworks,Geno Studio,"Drama,Mystery,Supernatural",Seinen,R - 17+ (violence & profanity)
Dragon Crisis!,6.67,1114,"158,917",TV,12,None found,Studio Deen,"Action,Romance,Supernatural",Seinen,PG-13 - Teens 13 or older
Shouwa Genroku Rakugo Shinjuu: Sukeroku Futatabi-hen,8.76,1115,"159,430",TV,12,None found,Studio Deen,NULL,Josei,PG-13 - Teens 13 or older
,,,,,,,,,,
